{"type":"Feature","properties":{"name":"Bengaluru","osm_type":"relation","osm_id":7902476,"source":"OpenStreetMap contributors via Nominatim, fetched 2026-09-20 (ODbL)"},"geometry":{"type":"Polygon","coordinates":[[[77.45988,12.904692],[77.459981,12.903262],[77.459983,12.903245],[77.459985,12.903215],[77.460003,12.90293],[77.460003,12.902801],[77.460003,12.902658],[77.460003,12.902378],[77.460003,12.902356],[77.460003,12.902329],[77.460018,12.901721],[77.46008,12.901142],[77.460176,12.900236],[77.460185,12.90015],[77.460147,12.899952],[77.460111,12.899767],[77.46015,12.899224],[77.460188,12.898705],[77.460202,12.898512],[77.460204,12.898485],[77.460222,12.898243],[77.460224,12.898212],[77.46029,12.898231],[77.460923,12.898407],[77.460965,12.898419],[77.460977,12.898393],[77.460993,12.898359],[77.461072,12.898183],[77.461144,12.898025],[77.461214,12.897865],[77.461399,12.89758],[77.461479,12.897459],[77.461481,12.897456],[77.461495,12.897433],[77.46155,12.897348],[77.46167,12.897159],[77.462252,12.896414],[77.462259,12.896405],[77.462432,12.896178],[77.462455,12.896148],[77.462912,12.895551],[77.463197,12.89518],[77.463579,12.894681],[77.463703,12.894516],[77.463739,12.894467],[77.464074,12.894022],[77.464121,12.893959],[77.464235,12.893807],[77.464932,12.892876],[77.465705,12.891823],[77.465749,12.89177],[77.466528,12.890764],[77.466579,12.890694],[77.466716,12.890511],[77.46678,12.890433],[77.466838,12.890363],[77.466838,12.890363],[77.46684,12.89036],[77.466852,12.890346],[77.466865,12.89033],[77.466874,12.890319],[77.466907,12.89028],[77.466984,12.890186],[77.467144,12.889992],[77.467275,12.889834],[77.467403,12.889679],[77.467529,12.889526],[77.467691,12.88933],[77.467761,12.889246],[77.467822,12.889172],[77.467941,12.889028],[77.468,12.888957],[77.468171,12.888751],[77.468185,12.888735],[77.468235,12.888674],[77.468375,12.888505],[77.468376,12.888504],[77.468399,12.888466],[77.468408,12.88845],[77.468451,12.888379],[77.468452,12.888378],[77.468482,12.888327],[77.468484,12.888324],[77.468488,12.888317],[77.468489,12.888316],[77.468484,12.888408],[77.468472,12.888658],[77.468571,12.889038],[77.468598,12.889145],[77.468744,12.889705],[77.468765,12.889787],[77.469022,12.890809],[77.469033,12.890854],[77.46917,12.891398],[77.469232,12.891647],[77.469363,12.892178],[77.469407,12.89239],[77.469421,12.892455],[77.469809,12.893284],[77.469897,12.893479],[77.470115,12.893992],[77.47024,12.894149],[77.470275,12.894193],[77.470384,12.894331],[77.470756,12.894757],[77.47126,12.895383],[77.471837,12.8961],[77.471899,12.896182],[77.471967,12.896272],[77.472514,12.896996],[77.472559,12.897056],[77.473419,12.898397],[77.47344,12.89843],[77.474516,12.898094],[77.474887,12.897896],[77.475414,12.897558],[77.476961,12.89665],[77.477067,12.896569],[77.477225,12.896448],[77.477268,12.896414],[77.477094,12.896347],[77.476241,12.895657],[77.475727,12.895241],[77.475555,12.89476],[77.475546,12.894777],[77.475487,12.894766],[77.475466,12.894689],[77.475456,12.894617],[77.475456,12.894617],[77.475469,12.894532],[77.475491,12.894424],[77.475522,12.894343],[77.475585,12.894276],[77.475662,12.894235],[77.475739,12.894207],[77.475863,12.894197],[77.476022,12.894218],[77.476146,12.894266],[77.47622,12.894319],[77.476422,12.894442],[77.476573,12.894472],[77.476641,12.894503],[77.476737,12.894471],[77.476738,12.89447],[77.476791,12.894426],[77.476863,12.894344],[77.476949,12.894263],[77.476994,12.894209],[77.477017,12.894155],[77.477048,12.894087],[77.477084,12.89402],[77.47716,12.893921],[77.477214,12.89384],[77.477295,12.8937],[77.477401,12.893557],[77.477435,12.893509],[77.477504,12.893448],[77.477589,12.893372],[77.477717,12.893206],[77.477795,12.893063],[77.477832,12.893024],[77.478013,12.892879],[77.478098,12.892844],[77.478131,12.892814],[77.47818,12.892777],[77.478228,12.892736],[77.478274,12.892701],[77.478314,12.892678],[77.478355,12.892664],[77.478392,12.892642],[77.47843,12.892615],[77.478481,12.892589],[77.478523,12.892566],[77.478558,12.892543],[77.478615,12.892517],[77.478671,12.892461],[77.478704,12.892433],[77.478737,12.892403],[77.478775,12.892376],[77.478806,12.892347],[77.478848,12.892317],[77.478895,12.892288],[77.478943,12.89226],[77.479006,12.892227],[77.479042,12.892198],[77.47907,12.892172],[77.479091,12.892138],[77.479181,12.891957],[77.479199,12.891908],[77.479205,12.891858],[77.479205,12.891807],[77.479202,12.891757],[77.479204,12.891721],[77.479212,12.891466],[77.479218,12.891293],[77.479217,12.891248],[77.479266,12.890681],[77.479262,12.890273],[77.479272,12.89],[77.479308,12.88979],[77.47942,12.889714],[77.479546,12.889701],[77.479685,12.8897],[77.479989,12.889759],[77.480217,12.889893],[77.480344,12.889978],[77.480471,12.890026],[77.48056,12.890075],[77.480699,12.890124],[77.480787,12.890148],[77.481001,12.890145],[77.481053,12.890145],[77.481128,12.890132],[77.481254,12.890081],[77.481342,12.89003],[77.481404,12.889943],[77.481592,12.889756],[77.481729,12.889632],[77.481842,12.889556],[77.482009,12.8893],[77.482232,12.888804],[77.482232,12.888804],[77.482243,12.888779],[77.482376,12.888122],[77.482456,12.887779],[77.482509,12.887552],[77.482707,12.887105],[77.482867,12.886658],[77.482968,12.886402],[77.482967,12.886292],[77.482927,12.886094],[77.48285,12.885946],[77.482633,12.885763],[77.482495,12.885752],[77.482078,12.885756],[77.481965,12.885819],[77.481813,12.885845],[77.481454,12.885897],[77.481126,12.88595],[77.480924,12.885964],[77.48076,12.885953],[77.480697,12.885954],[77.48057,12.885943],[77.480141,12.885947],[77.479776,12.886086],[77.4795,12.886175],[77.479336,12.886227],[77.47913,12.886228],[77.479109,12.886229],[77.479109,12.886229],[77.478945,12.886205],[77.478856,12.886169],[77.478767,12.88612],[77.478741,12.886058],[77.478728,12.885985],[77.47874,12.885898],[77.478752,12.885823],[77.478802,12.885761],[77.478802,12.885761],[77.478819,12.885733],[77.478835,12.885705],[77.478837,12.885702],[77.478839,12.885699],[77.478876,12.885624],[77.478876,12.885624],[77.4789,12.885562],[77.478898,12.885302],[77.478885,12.88524],[77.478958,12.884992],[77.479007,12.884819],[77.479006,12.884745],[77.479018,12.884683],[77.47898,12.884622],[77.478902,12.88445],[77.478845,12.884398],[77.478766,12.884327],[77.478711,12.884277],[77.478507,12.884107],[77.478265,12.883787],[77.477945,12.883395],[77.477763,12.883217],[77.477695,12.883151],[77.477547,12.883005],[77.477355,12.882748],[77.476934,12.882369],[77.476527,12.882001],[77.476183,12.881682],[77.476068,12.881612],[77.475864,12.881465],[77.47565,12.881311],[77.475158,12.88095],[77.474943,12.880677],[77.474865,12.880417],[77.474865,12.880417],[77.474865,12.880417],[77.474824,12.880048],[77.474958,12.879779],[77.474958,12.879779],[77.475044,12.879658],[77.475065,12.879629],[77.475113,12.87956],[77.475454,12.879102],[77.475454,12.879102],[77.475552,12.878964],[77.47565,12.878826],[77.475827,12.87843],[77.475708,12.878442],[77.475669,12.878379],[77.475669,12.878379],[77.475897,12.87832],[77.475915,12.878316],[77.476226,12.878236],[77.476529,12.878209],[77.476963,12.87817],[77.476989,12.878167],[77.47706,12.878161],[77.477075,12.878159],[77.477253,12.878143],[77.477486,12.878108],[77.477715,12.878073],[77.47797,12.878033],[77.478138,12.878007],[77.47814,12.878007],[77.478386,12.877969],[77.47855,12.877943],[77.478631,12.877931],[77.479137,12.877852],[77.479411,12.87781],[77.479521,12.877809],[77.479543,12.877809],[77.479561,12.877827],[77.479707,12.877973],[77.479995,12.878046],[77.48063,12.878065],[77.480631,12.878066],[77.481686,12.878097],[77.481683,12.878061],[77.481677,12.878004],[77.481674,12.877984],[77.481673,12.877921],[77.481667,12.877882],[77.48165,12.877771],[77.481628,12.877633],[77.481539,12.87706],[77.481533,12.876976],[77.481512,12.876616],[77.481415,12.876334],[77.481357,12.876182],[77.481271,12.875962],[77.481261,12.875885],[77.481246,12.875776],[77.481206,12.875474],[77.481178,12.875369],[77.481178,12.875306],[77.481293,12.875284],[77.481264,12.875222],[77.481253,12.875201],[77.481239,12.87517],[77.48109,12.874859],[77.481072,12.874859],[77.481071,12.874855],[77.480951,12.874859],[77.480886,12.874686],[77.480863,12.874624],[77.480877,12.874285],[77.480914,12.87428],[77.481081,12.874257],[77.481117,12.874252],[77.481205,12.87424],[77.481326,12.874289],[77.48133,12.874288],[77.481348,12.874295],[77.482493,12.874157],[77.482563,12.874149],[77.482844,12.874273],[77.482942,12.874317],[77.482962,12.874323],[77.483085,12.874364],[77.483121,12.874375],[77.483134,12.874351],[77.483136,12.874348],[77.483398,12.873859],[77.48361,12.873521],[77.483729,12.873328],[77.483815,12.873188],[77.483961,12.872952],[77.484387,12.872197],[77.484639,12.871831],[77.484677,12.871757],[77.484735,12.871646],[77.48522,12.871512],[77.485334,12.871483],[77.485384,12.871474],[77.485974,12.871371],[77.48599,12.871363],[77.486089,12.871393],[77.487274,12.871862],[77.487358,12.871893],[77.487471,12.871934],[77.487668,12.871945],[77.487846,12.871954],[77.488337,12.871979],[77.488422,12.871982],[77.488364,12.872403],[77.488848,12.872196],[77.489049,12.872104],[77.489302,12.871989],[77.489652,12.871829],[77.490062,12.871641],[77.490146,12.871602],[77.490358,12.871502],[77.490563,12.87139],[77.49061,12.871365],[77.490693,12.87132],[77.491781,12.87082],[77.491803,12.870861],[77.491804,12.870861],[77.491882,12.871006],[77.49197,12.871169],[77.492208,12.871612],[77.492375,12.871922],[77.492522,12.872195],[77.49271,12.872272],[77.492712,12.872264],[77.492754,12.872083],[77.492862,12.871912],[77.492942,12.871903],[77.494554,12.871722],[77.494741,12.8718],[77.494779,12.871926],[77.494943,12.872465],[77.494978,12.872581],[77.495092,12.872956],[77.495174,12.872956],[77.49559,12.872954],[77.495735,12.872953],[77.495829,12.872952],[77.496118,12.872951],[77.49616,12.87295],[77.49622,12.87295],[77.496237,12.87295],[77.496273,12.87295],[77.496292,12.872942],[77.496382,12.872904],[77.49663,12.872701],[77.496633,12.872699],[77.496884,12.872493],[77.496884,12.872492],[77.49689,12.872488],[77.496898,12.872481],[77.497026,12.872376],[77.497182,12.872522],[77.497239,12.872575],[77.497457,12.87278],[77.49776,12.873064],[77.497913,12.873207],[77.498116,12.873312],[77.499661,12.874111],[77.500313,12.874529],[77.500414,12.874593],[77.500446,12.874614],[77.500855,12.874913],[77.501166,12.875128],[77.501265,12.875197],[77.501971,12.875685],[77.502292,12.875907],[77.502498,12.876049],[77.502501,12.876051],[77.502531,12.876073],[77.502689,12.876188],[77.503186,12.8764],[77.503578,12.876567],[77.503806,12.876664],[77.504001,12.876747],[77.504547,12.877009],[77.504792,12.876882],[77.505416,12.87659],[77.505725,12.875907],[77.505782,12.875604],[77.506264,12.874562],[77.506675,12.873808],[77.507059,12.873208],[77.507118,12.873116],[77.507597,12.872371],[77.507924,12.87186],[77.508041,12.871689],[77.508323,12.871279],[77.508357,12.87123],[77.508367,12.871215],[77.508787,12.870643],[77.509245,12.87002],[77.510115,12.869031],[77.510521,12.868957],[77.511562,12.868088],[77.511593,12.868062],[77.511717,12.868108],[77.512413,12.868274],[77.512614,12.868236],[77.513195,12.868126],[77.513327,12.868104],[77.514671,12.867928],[77.515442,12.867878],[77.515493,12.867877],[77.515623,12.868005],[77.515658,12.868039],[77.51619,12.868565],[77.51685,12.869171],[77.517024,12.86934],[77.51729,12.869598],[77.518577,12.870916],[77.519437,12.87179],[77.520167,12.872131],[77.520205,12.872149],[77.520214,12.872144],[77.521557,12.871413],[77.523087,12.870579],[77.522919,12.870559],[77.522898,12.870526],[77.522619,12.87009],[77.521777,12.868775],[77.521772,12.868767],[77.521599,12.868497],[77.52022,12.866343],[77.519754,12.863965],[77.519728,12.863734],[77.519592,12.862489],[77.519571,12.862305],[77.519542,12.86215],[77.519448,12.862043],[77.519007,12.861724],[77.518909,12.861654],[77.518743,12.861492],[77.518409,12.861166],[77.518418,12.861076],[77.51842,12.861061],[77.518458,12.860696],[77.518475,12.860561],[77.518485,12.86048],[77.518487,12.860466],[77.518497,12.860385],[77.518513,12.860257],[77.518549,12.859982],[77.518586,12.859696],[77.518599,12.859587],[77.518692,12.858866],[77.518769,12.858314],[77.518956,12.856858],[77.518969,12.856757],[77.519126,12.855519],[77.51921,12.854856],[77.51928,12.854675],[77.519564,12.853946],[77.519731,12.853518],[77.520202,12.852305],[77.520863,12.850607],[77.520997,12.850261],[77.521034,12.850168],[77.521047,12.850139],[77.52115,12.849912],[77.521257,12.849676],[77.521487,12.849168],[77.521591,12.848998],[77.521596,12.84893],[77.521617,12.848622],[77.521628,12.848446],[77.52164,12.848391],[77.521645,12.848366],[77.521661,12.848292],[77.521668,12.84826],[77.521686,12.848173],[77.52198,12.846771],[77.522228,12.845586],[77.522252,12.845472],[77.522356,12.845125],[77.522378,12.845048],[77.522462,12.844765],[77.5225,12.844615],[77.522657,12.843988],[77.522678,12.843871],[77.522705,12.843765],[77.522772,12.8434],[77.522868,12.842905],[77.522955,12.842528],[77.523124,12.841799],[77.523245,12.841233],[77.523459,12.840223],[77.523518,12.839945],[77.524206,12.840141],[77.524462,12.840212],[77.526057,12.840642],[77.52909,12.840321],[77.53097,12.840091],[77.53128,12.840051],[77.533434,12.839702],[77.533613,12.839909],[77.533914,12.839924],[77.534526,12.840452],[77.534998,12.840859],[77.535108,12.840954],[77.535784,12.841169],[77.53678,12.841486],[77.537575,12.841737],[77.537877,12.842468],[77.537931,12.84341],[77.538137,12.844142],[77.538162,12.844232],[77.538307,12.844751],[77.538307,12.844751],[77.538355,12.844917],[77.538348,12.845304],[77.539045,12.845319],[77.540492,12.844962],[77.540682,12.844793],[77.540769,12.844714],[77.540859,12.844634],[77.541222,12.844311],[77.541262,12.844276],[77.541265,12.844273],[77.541486,12.843533],[77.541676,12.843325],[77.542253,12.843287],[77.542519,12.843329],[77.542775,12.843371],[77.542786,12.843379],[77.543275,12.843731],[77.543724,12.844055],[77.544314,12.844369],[77.544389,12.845279],[77.5445,12.845892],[77.544512,12.845961],[77.544576,12.846312],[77.544495,12.846729],[77.544358,12.84699],[77.544448,12.847117],[77.544461,12.847135],[77.544651,12.8474],[77.544683,12.847616],[77.544735,12.847611],[77.544852,12.847599],[77.544868,12.847597],[77.544873,12.847597],[77.544884,12.847598],[77.544885,12.847598],[77.544922,12.8476],[77.545014,12.847606],[77.545061,12.847609],[77.54821,12.847792],[77.548218,12.847793],[77.549134,12.847846],[77.54961,12.847873],[77.549648,12.847876],[77.549734,12.84788],[77.55055,12.847918],[77.550839,12.847945],[77.551478,12.848004],[77.551494,12.848005],[77.551494,12.848005],[77.551993,12.847565],[77.553021,12.847157],[77.553208,12.847496],[77.553232,12.847732],[77.553443,12.84776],[77.554328,12.847876],[77.554424,12.847889],[77.554464,12.847985],[77.554481,12.848028],[77.554491,12.848027],[77.554879,12.847849],[77.554937,12.84775],[77.555511,12.84676],[77.555552,12.846687],[77.55567,12.846471],[77.555943,12.845978],[77.556125,12.84565],[77.556128,12.845644],[77.556214,12.845491],[77.556284,12.845362],[77.556324,12.845282],[77.556374,12.845182],[77.556429,12.845072],[77.556565,12.84494],[77.55663,12.844877],[77.556954,12.844569],[77.5571,12.844437],[77.557102,12.844436],[77.557347,12.84419],[77.557371,12.843201],[77.557398,12.842606],[77.557406,12.841844],[77.56036,12.841209],[77.562308,12.840423],[77.562676,12.840275],[77.562432,12.839717],[77.562465,12.839522],[77.562537,12.839089],[77.562557,12.838972],[77.562557,12.83897],[77.562764,12.839018],[77.565532,12.839653],[77.565594,12.839667],[77.565605,12.839666],[77.565605,12.839666],[77.566567,12.839578],[77.566862,12.839551],[77.566882,12.839549],[77.567043,12.839535],[77.567235,12.839517],[77.567324,12.839509],[77.568054,12.839442],[77.568139,12.839434],[77.568338,12.839416],[77.568742,12.839382],[77.568852,12.839373],[77.57004,12.839272],[77.570127,12.839265],[77.570546,12.839229],[77.570555,12.839228],[77.57094,12.839244],[77.571874,12.839196],[77.574328,12.837339],[77.574561,12.837461],[77.574732,12.837492],[77.574787,12.837492],[77.575163,12.838654],[77.575213,12.838698],[77.575231,12.83872],[77.576223,12.838563],[77.576863,12.838468],[77.578486,12.838299],[77.578796,12.838278],[77.579041,12.838263],[77.579857,12.837956],[77.579994,12.837904],[77.580337,12.837775],[77.580415,12.837746],[77.581432,12.837367],[77.581545,12.837325],[77.581651,12.837285],[77.581658,12.837283],[77.582019,12.837047],[77.581993,12.83695],[77.582089,12.836895],[77.582012,12.836453],[77.58223,12.836382],[77.584166,12.835063],[77.584211,12.835032],[77.584228,12.835023],[77.586065,12.834013],[77.587016,12.83349],[77.587061,12.833523],[77.587497,12.833843],[77.589221,12.835173],[77.589305,12.835246],[77.589624,12.835448],[77.589666,12.835474],[77.589984,12.835533],[77.590563,12.835589],[77.590628,12.834965],[77.590759,12.834838],[77.59153,12.834584],[77.591677,12.835059],[77.592746,12.837232],[77.593066,12.838541],[77.593372,12.839274],[77.593497,12.839574],[77.593987,12.84036],[77.593978,12.840501],[77.593915,12.840573],[77.593992,12.840886],[77.594003,12.841173],[77.59402,12.841653],[77.594082,12.841984],[77.594167,12.841978],[77.594339,12.843185],[77.594416,12.843992],[77.594381,12.845008],[77.59431,12.845464],[77.594342,12.845594],[77.594351,12.845631],[77.594392,12.845617],[77.594424,12.845791],[77.594438,12.845867],[77.594525,12.846334],[77.594579,12.846521],[77.594611,12.84663],[77.594722,12.847011],[77.594769,12.847174],[77.59485,12.84745],[77.594952,12.847669],[77.595229,12.848402],[77.595408,12.848811],[77.595607,12.849187],[77.595609,12.849191],[77.596043,12.849022],[77.596354,12.848886],[77.596557,12.848801],[77.597011,12.848663],[77.598157,12.848233],[77.598518,12.848206],[77.598851,12.848106],[77.599218,12.848051],[77.599439,12.848015],[77.600187,12.847912],[77.600547,12.848124],[77.60128,12.848104],[77.602672,12.848398],[77.604473,12.848173],[77.607084,12.847472],[77.609221,12.846066],[77.609154,12.846827],[77.609114,12.847269],[77.609065,12.847819],[77.609047,12.848022],[77.609025,12.848271],[77.609015,12.848389],[77.609042,12.849303],[77.609057,12.84983],[77.609058,12.849842],[77.609062,12.849984],[77.609062,12.849985],[77.609065,12.850097],[77.609073,12.850352],[77.609078,12.850553],[77.609085,12.850786],[77.6091,12.851268],[77.609181,12.851212],[77.611555,12.851425],[77.612745,12.85175],[77.613246,12.852662],[77.613703,12.853177],[77.614359,12.854215],[77.614473,12.854314],[77.614684,12.854495],[77.614685,12.854496],[77.614956,12.854728],[77.615489,12.855164],[77.615545,12.8552],[77.615901,12.855434],[77.616494,12.855714],[77.616761,12.857118],[77.616764,12.857134],[77.616835,12.857511],[77.616839,12.857534],[77.616842,12.857534],[77.616949,12.857518],[77.617099,12.857496],[77.617291,12.857484],[77.618055,12.857466],[77.618056,12.857431],[77.618906,12.857596],[77.618905,12.857631],[77.618987,12.857649],[77.619017,12.857884],[77.619184,12.857957],[77.619594,12.857953],[77.620268,12.857947],[77.621118,12.85794],[77.625505,12.85765],[77.626377,12.857541],[77.626444,12.857499],[77.626582,12.857412],[77.626685,12.857348],[77.626726,12.857322],[77.626854,12.857242],[77.626881,12.857241],[77.626938,12.857207],[77.627323,12.8572],[77.627656,12.857192],[77.629224,12.857123],[77.629249,12.857156],[77.629257,12.857179],[77.629139,12.857182],[77.629191,12.857244],[77.6292,12.857255],[77.629225,12.857285],[77.629269,12.857337],[77.629282,12.857354],[77.62935,12.857435],[77.629404,12.8575],[77.629457,12.857514],[77.629705,12.857646],[77.629801,12.857731],[77.629841,12.857827],[77.630076,12.858123],[77.630277,12.858408],[77.630394,12.858686],[77.630406,12.8587],[77.63041,12.858725],[77.630506,12.859036],[77.630595,12.859167],[77.630642,12.85925],[77.63067,12.859321],[77.630683,12.859447],[77.630677,12.859671],[77.630694,12.859918],[77.630723,12.860017],[77.630723,12.860017],[77.6308,12.860124],[77.630933,12.860199],[77.631084,12.860265],[77.631261,12.86044],[77.631395,12.860611],[77.631694,12.860833],[77.631821,12.860904],[77.63231,12.861172],[77.632312,12.861173],[77.632324,12.86118],[77.63236,12.861199],[77.633001,12.861485],[77.634389,12.861844],[77.634072,12.862261],[77.634564,12.862761],[77.635203,12.863048],[77.636371,12.863073],[77.637288,12.862899],[77.637495,12.862957],[77.638486,12.863461],[77.638473,12.86399],[77.638533,12.864105],[77.639069,12.864998],[77.640748,12.865041],[77.641206,12.865008],[77.641465,12.864277],[77.641652,12.863701],[77.641655,12.863691],[77.641661,12.863688],[77.641688,12.863677],[77.641732,12.863671],[77.641792,12.863654],[77.641795,12.863629],[77.641875,12.863593],[77.641879,12.863558],[77.642069,12.862073],[77.642904,12.859449],[77.642966,12.85697],[77.642849,12.85407],[77.642808,12.852687],[77.642974,12.851055],[77.643091,12.850575],[77.644577,12.851652],[77.645217,12.852069],[77.64519,12.851639],[77.645243,12.851653],[77.645735,12.851785],[77.645934,12.851838],[77.645938,12.851838],[77.645961,12.85164],[77.646164,12.851708],[77.646328,12.851828],[77.646366,12.851831],[77.646445,12.851837],[77.646587,12.851912],[77.646714,12.85198],[77.646813,12.851981],[77.646848,12.851982],[77.647086,12.851934],[77.647417,12.852042],[77.647576,12.852243],[77.647923,12.852242],[77.647962,12.851935],[77.648105,12.851956],[77.648117,12.851834],[77.648519,12.851898],[77.64851,12.852015],[77.648637,12.852031],[77.648686,12.852037],[77.648627,12.852673],[77.649354,12.852875],[77.649563,12.85307],[77.64962,12.852258],[77.649649,12.852262],[77.649655,12.852106],[77.649858,12.852086],[77.650073,12.85215],[77.650041,12.852733],[77.649966,12.852859],[77.649942,12.853101],[77.649767,12.853088],[77.649788,12.8533],[77.64979,12.853316],[77.649871,12.853629],[77.650688,12.853953],[77.650622,12.854144],[77.651545,12.854733],[77.651721,12.854923],[77.651983,12.854972],[77.651973,12.854737],[77.652685,12.85494],[77.652756,12.854961],[77.652818,12.854978],[77.652836,12.855238],[77.653056,12.855338],[77.653134,12.855654],[77.65436,12.855835],[77.655277,12.856214],[77.655319,12.856121],[77.655403,12.855845],[77.655411,12.855828],[77.655439,12.855855],[77.655446,12.855838],[77.6559,12.856112],[77.655812,12.856398],[77.656056,12.856548],[77.656063,12.856739],[77.656198,12.856763],[77.65618,12.856984],[77.656151,12.85698],[77.656135,12.8571],[77.65685,12.857206],[77.657454,12.857826],[77.6574,12.858553],[77.658478,12.858553],[77.659297,12.858711],[77.660602,12.858575],[77.660605,12.858558],[77.660694,12.858554],[77.661281,12.858675],[77.661282,12.858805],[77.661375,12.858847],[77.66178,12.859162],[77.661802,12.859179],[77.661938,12.859247],[77.66194,12.859249],[77.662366,12.859591],[77.662777,12.859959],[77.663272,12.860359],[77.663718,12.860783],[77.663837,12.861919],[77.664087,12.862418],[77.664129,12.862528],[77.664576,12.862428],[77.664728,12.862706],[77.664789,12.86297],[77.664924,12.863126],[77.665072,12.8636],[77.665365,12.864204],[77.6657,12.864612],[77.666565,12.865963],[77.666702,12.866176],[77.666719,12.866212],[77.667046,12.866205],[77.667086,12.866335],[77.667821,12.866407],[77.669488,12.867063],[77.669865,12.867176],[77.669948,12.867226],[77.670224,12.867392],[77.671145,12.867814],[77.672086,12.868133],[77.672265,12.868204],[77.672444,12.868203],[77.672893,12.868252],[77.672914,12.868352],[77.672812,12.869307],[77.675325,12.872579],[77.675297,12.872724],[77.675267,12.87288],[77.675206,12.873161],[77.675066,12.873793],[77.675063,12.873805],[77.674866,12.874648],[77.674717,12.875171],[77.674689,12.875227],[77.674681,12.875259],[77.674662,12.875282],[77.674598,12.875363],[77.674342,12.875811],[77.674213,12.876049],[77.674203,12.876066],[77.674146,12.876171],[77.674121,12.876217],[77.674089,12.876276],[77.674076,12.876298],[77.674059,12.876326],[77.674031,12.876373],[77.67402,12.876391],[77.673893,12.876654],[77.673901,12.876654],[77.673963,12.876655],[77.673796,12.876942],[77.673787,12.876962],[77.673646,12.877242],[77.673604,12.8773],[77.673509,12.877428],[77.673485,12.877475],[77.673429,12.877535],[77.67338,12.877602],[77.673168,12.877885],[77.673001,12.878108],[77.672906,12.878236],[77.672806,12.878369],[77.672719,12.878459],[77.672703,12.878476],[77.67265,12.87855],[77.672529,12.878716],[77.672328,12.878995],[77.672245,12.87911],[77.671617,12.879978],[77.671423,12.880206],[77.6714,12.880244],[77.671382,12.880272],[77.671395,12.88027],[77.671527,12.880243],[77.671732,12.880202],[77.672,12.880149],[77.672044,12.88014],[77.673715,12.879805],[77.673722,12.879863],[77.673723,12.879871],[77.673726,12.879896],[77.67375,12.879891],[77.673849,12.879872],[77.673968,12.879849],[77.673972,12.879906],[77.673995,12.88023],[77.674008,12.880403],[77.674091,12.881546],[77.674126,12.882383],[77.674127,12.882422],[77.67413,12.882498],[77.674133,12.882565],[77.674174,12.883799],[77.674177,12.883886],[77.674177,12.883898],[77.67418,12.883981],[77.674184,12.884127],[77.674172,12.88413],[77.673989,12.884183],[77.67399,12.884186],[77.673991,12.884189],[77.674011,12.884257],[77.674012,12.884261],[77.674016,12.884279],[77.674003,12.884281],[77.673824,12.884305],[77.673818,12.884311],[77.673753,12.88437],[77.673637,12.884393],[77.672328,12.88465],[77.672239,12.884667],[77.672328,12.88465],[77.672437,12.885986],[77.672521,12.886487],[77.672539,12.88659],[77.672594,12.886836],[77.672713,12.887227],[77.672719,12.887261],[77.6728,12.887692],[77.672815,12.887774],[77.672832,12.887863],[77.672834,12.887878],[77.672844,12.887932],[77.672867,12.888054],[77.672867,12.888056],[77.672868,12.888062],[77.672868,12.888062],[77.672872,12.888081],[77.672914,12.888307],[77.67293,12.888388],[77.672967,12.888574],[77.672967,12.888575],[77.673104,12.889273],[77.673171,12.889612],[77.673177,12.889641],[77.6732,12.889757],[77.67321,12.889811],[77.673233,12.889923],[77.673234,12.889928],[77.673323,12.890383],[77.673353,12.890533],[77.673446,12.890939],[77.673475,12.891147],[77.673519,12.89137],[77.673551,12.891609],[77.67359,12.891893],[77.673622,12.89207],[77.673626,12.892089],[77.673644,12.892189],[77.673776,12.89275],[77.673774,12.89297],[77.673773,12.89314],[77.673831,12.893142],[77.673877,12.893143],[77.673875,12.89315],[77.674873,12.89347],[77.674966,12.893499],[77.676841,12.894099],[77.677158,12.894199],[77.6773,12.894243],[77.677354,12.89426],[77.677917,12.895109],[77.67803,12.895279],[77.678053,12.895303],[77.678216,12.895548],[77.678855,12.896574],[77.679592,12.897598],[77.682277,12.899959],[77.682409,12.900194],[77.682402,12.900851],[77.682545,12.901414],[77.683247,12.901577],[77.684519,12.901922],[77.685445,12.902041],[77.685551,12.902232],[77.686172,12.902437],[77.687271,12.902447],[77.68747,12.902561],[77.687471,12.902609],[77.687582,12.903338],[77.687493,12.903364],[77.686861,12.903651],[77.686289,12.90391],[77.685717,12.904438],[77.687311,12.904728],[77.686848,12.90645],[77.687264,12.906536],[77.687367,12.90654],[77.687664,12.906484],[77.687752,12.906442],[77.688055,12.906212],[77.688076,12.906196],[77.688221,12.906084],[77.688264,12.905994],[77.688311,12.905895],[77.688321,12.905875],[77.688363,12.905485],[77.689925,12.905413],[77.689923,12.905487],[77.690096,12.905474],[77.690292,12.905472],[77.690925,12.905525],[77.690946,12.905461],[77.691024,12.905465],[77.691116,12.90524],[77.691123,12.904915],[77.691192,12.904914],[77.691202,12.904804],[77.691285,12.904789],[77.691328,12.904431],[77.691411,12.904428],[77.691509,12.904184],[77.691568,12.903998],[77.691696,12.903993],[77.69281,12.90414],[77.692947,12.904256],[77.693094,12.904446],[77.693393,12.904489],[77.693594,12.904418],[77.693935,12.904296],[77.694667,12.904191],[77.695341,12.90407],[77.69563,12.904237],[77.695877,12.904021],[77.696261,12.903994],[77.69636,12.904126],[77.696784,12.904122],[77.696964,12.904068],[77.697395,12.904153],[77.697659,12.90418],[77.697853,12.904545],[77.698915,12.904348],[77.700356,12.904102],[77.700818,12.904032],[77.702396,12.903576],[77.702887,12.904088],[77.703361,12.903756],[77.70355,12.90365],[77.703984,12.903434],[77.704064,12.903394],[77.704471,12.903185],[77.705144,12.902824],[77.706036,12.902352],[77.706095,12.902321],[77.706297,12.902239],[77.706294,12.902277],[77.706693,12.902081],[77.70687,12.902026],[77.707092,12.903301],[77.707675,12.905327],[77.707997,12.906448],[77.70812,12.907035],[77.708275,12.907773],[77.708284,12.907771],[77.708354,12.908063],[77.709487,12.907943],[77.710533,12.907897],[77.7113,12.907863],[77.713388,12.907942],[77.713953,12.908078],[77.714228,12.908083],[77.714593,12.907941],[77.715604,12.907494],[77.716121,12.907387],[77.716971,12.908328],[77.717289,12.908746],[77.71764,12.908966],[77.717774,12.90894],[77.717827,12.908914],[77.717913,12.908872],[77.717901,12.908767],[77.717856,12.908374],[77.718215,12.908269],[77.718444,12.908226],[77.718935,12.908131],[77.719277,12.908067],[77.719705,12.907986],[77.719732,12.908009],[77.719722,12.908148],[77.719778,12.908655],[77.720423,12.908835],[77.720796,12.908823],[77.720792,12.908154],[77.721186,12.907904],[77.721312,12.907847],[77.722006,12.907633],[77.722696,12.907284],[77.723257,12.907175],[77.724592,12.906914],[77.726275,12.906568],[77.726319,12.906713],[77.726394,12.906957],[77.726445,12.907125],[77.726739,12.908028],[77.726791,12.90823],[77.726857,12.908491],[77.726873,12.908551],[77.726882,12.908586],[77.726906,12.908649],[77.726926,12.908702],[77.727217,12.909513],[77.727336,12.909845],[77.727612,12.910887],[77.727648,12.912571],[77.72773,12.913424],[77.727783,12.914499],[77.728525,12.914413],[77.728818,12.91447],[77.732071,12.913906],[77.732335,12.914118],[77.732454,12.914214],[77.732477,12.914213],[77.732513,12.91421],[77.732667,12.9142],[77.733157,12.914168],[77.733366,12.914154],[77.733748,12.914129],[77.733858,12.914122],[77.733901,12.914115],[77.734168,12.914069],[77.734365,12.914035],[77.734354,12.913639],[77.734321,12.913537],[77.734365,12.913521],[77.734397,12.913336],[77.734447,12.913197],[77.734773,12.913262],[77.734934,12.913292],[77.735483,12.913334],[77.735989,12.913372],[77.737396,12.913491],[77.737405,12.914417],[77.737423,12.914686],[77.737565,12.914768],[77.73784,12.91474],[77.738019,12.914818],[77.738465,12.914599],[77.738762,12.914622],[77.738803,12.914625],[77.739062,12.914646],[77.740992,12.914449],[77.741603,12.914134],[77.741703,12.914299],[77.741797,12.914273],[77.741931,12.914264],[77.742115,12.914107],[77.742132,12.914092],[77.742328,12.913991],[77.742352,12.913978],[77.743052,12.913911],[77.743304,12.913886],[77.744075,12.913861],[77.744568,12.913795],[77.744607,12.913732],[77.74464,12.913679],[77.744669,12.913633],[77.744675,12.913667],[77.744685,12.913725],[77.744777,12.914265],[77.744782,12.91429],[77.744821,12.914281],[77.744899,12.914262],[77.744899,12.914262],[77.74493,12.914255],[77.744944,12.914252],[77.74495,12.914295],[77.744989,12.914544],[77.745014,12.9147],[77.745232,12.916089],[77.745293,12.916163],[77.745327,12.916351],[77.745327,12.916356],[77.745375,12.916958],[77.745498,12.917545],[77.745519,12.918248],[77.745533,12.918399],[77.745557,12.918657],[77.74557,12.918796],[77.745674,12.919337],[77.745679,12.919359],[77.745681,12.919368],[77.745733,12.919607],[77.745742,12.919649],[77.745786,12.919774],[77.745903,12.919744],[77.745949,12.919736],[77.745948,12.919738],[77.745936,12.919781],[77.745937,12.919783],[77.745949,12.919798],[77.746141,12.920032],[77.746284,12.920093],[77.746488,12.920179],[77.746792,12.920308],[77.746972,12.920384],[77.747073,12.920427],[77.747484,12.9206],[77.747991,12.920794],[77.748049,12.920816],[77.74851,12.920991],[77.748534,12.921],[77.748535,12.921001],[77.749111,12.921222],[77.749268,12.921283],[77.749751,12.921469],[77.75025,12.921639],[77.750256,12.921641],[77.751206,12.921966],[77.751339,12.922011],[77.751349,12.922037],[77.751452,12.922318],[77.751736,12.923247],[77.751768,12.923355],[77.751988,12.924201],[77.752114,12.924687],[77.752146,12.924811],[77.752186,12.924964],[77.752273,12.925299],[77.752373,12.925326],[77.752973,12.925492],[77.7535,12.925618],[77.754322,12.92579],[77.754532,12.925815],[77.754672,12.925831],[77.754719,12.925837],[77.755182,12.925955],[77.755255,12.925973],[77.755381,12.926005],[77.756521,12.926255],[77.756549,12.926267],[77.756656,12.926314],[77.756978,12.926415],[77.756996,12.926423],[77.757025,12.926435],[77.757267,12.926535],[77.757869,12.926785],[77.757901,12.926799],[77.757903,12.926799],[77.758391,12.927003],[77.758418,12.927013],[77.758436,12.92702],[77.759314,12.927291],[77.75991,12.927493],[77.760011,12.927527],[77.760496,12.927689],[77.760882,12.927833],[77.761867,12.928203],[77.762353,12.928379],[77.763021,12.928492],[77.76326,12.928532],[77.763796,12.928622],[77.763804,12.928624],[77.764591,12.928757],[77.764591,12.928757],[77.764599,12.928758],[77.764835,12.928783],[77.764741,12.928824],[77.764676,12.928853],[77.76463,12.928873],[77.764717,12.92913],[77.76479,12.929346],[77.764945,12.929804],[77.764947,12.929811],[77.765058,12.930138],[77.765098,12.930256],[77.765098,12.930257],[77.765135,12.930331],[77.765154,12.93037],[77.765239,12.930544],[77.765377,12.930826],[77.765416,12.930993],[77.765498,12.931257],[77.765512,12.931338],[77.765551,12.931544],[77.765551,12.931546],[77.765558,12.931581],[77.765603,12.931827],[77.76565,12.932076],[77.765668,12.932272],[77.765681,12.932415],[77.765713,12.932771],[77.765717,12.932817],[77.765764,12.933332],[77.765798,12.933428],[77.766257,12.934584],[77.766321,12.934745],[77.766321,12.934746],[77.76639,12.93492],[77.766413,12.934964],[77.766408,12.934976],[77.766183,12.935491],[77.766059,12.935776],[77.766052,12.935793],[77.766051,12.935794],[77.765997,12.935919],[77.765996,12.935921],[77.765614,12.936798],[77.765523,12.937005],[77.765515,12.937025],[77.765512,12.937031],[77.765503,12.93705],[77.765508,12.937168],[77.765514,12.937309],[77.765523,12.93753],[77.765548,12.938136],[77.765549,12.938166],[77.765547,12.938393],[77.765543,12.938811],[77.765542,12.938845],[77.76554,12.939137],[77.76554,12.939146],[77.76554,12.93915],[77.765532,12.939977],[77.765485,12.940409],[77.765445,12.940785],[77.765442,12.940816],[77.765439,12.940844],[77.765392,12.941281],[77.765358,12.941591],[77.765282,12.9423],[77.765237,12.942327],[77.765135,12.942389],[77.765258,12.943352],[77.765265,12.943404],[77.765322,12.94388],[77.765347,12.944094],[77.765363,12.944229],[77.765367,12.944265],[77.765405,12.944581],[77.765427,12.944772],[77.765443,12.944905],[77.765445,12.944927],[77.765456,12.945049],[77.765456,12.945052],[77.765456,12.945055],[77.765456,12.945059],[77.765466,12.945164],[77.765475,12.945272],[77.765475,12.945275],[77.765477,12.945298],[77.765481,12.945337],[77.765489,12.945424],[77.76549,12.945433],[77.76549,12.945434],[77.765513,12.945678],[77.765527,12.945824],[77.765568,12.946311],[77.765588,12.946555],[77.76558,12.946618],[77.76558,12.94662],[77.765293,12.948787],[77.765284,12.948863],[77.765236,12.949234],[77.765218,12.949374],[77.765214,12.949378],[77.765116,12.950101],[77.764999,12.950508],[77.76499,12.950539],[77.764988,12.950829],[77.764987,12.950884],[77.764985,12.951165],[77.764985,12.951171],[77.76496,12.951207],[77.764708,12.951575],[77.7646,12.952059],[77.76455,12.952212],[77.76457,12.952919],[77.764545,12.953792],[77.764544,12.954499],[77.764596,12.955187],[77.764604,12.955352],[77.764605,12.955383],[77.764609,12.955476],[77.764623,12.955678],[77.764587,12.95575],[77.764522,12.955883],[77.764499,12.955928],[77.764496,12.955934],[77.764467,12.955974],[77.76443,12.956024],[77.764419,12.956056],[77.764394,12.956129],[77.76439,12.956598],[77.76439,12.956622],[77.76439,12.956734],[77.764388,12.95732],[77.764388,12.95733],[77.764387,12.957402],[77.764477,12.958117],[77.764668,12.959453],[77.764724,12.959471],[77.7648,12.959494],[77.764806,12.959496],[77.76483,12.959504],[77.764864,12.959515],[77.764942,12.959872],[77.764943,12.959876],[77.764955,12.95993],[77.765001,12.959915],[77.765209,12.959846],[77.765533,12.959739],[77.76574,12.959665],[77.766034,12.959561],[77.766037,12.95956],[77.766192,12.959504],[77.766242,12.959487],[77.766294,12.959468],[77.766513,12.95939],[77.766667,12.959331],[77.7667,12.959319],[77.766706,12.959321],[77.766852,12.959392],[77.76692,12.959425],[77.766879,12.959577],[77.766953,12.959563],[77.766959,12.959562],[77.766991,12.959556],[77.767001,12.959554],[77.767009,12.959512],[77.767017,12.959471],[77.767042,12.959481],[77.767043,12.959481],[77.767046,12.959466],[77.767047,12.959466],[77.767058,12.959471],[77.767072,12.959476],[77.767102,12.959488],[77.767204,12.959527],[77.767217,12.959558],[77.767245,12.959624],[77.767462,12.960134],[77.767491,12.960202],[77.767496,12.960213],[77.767989,12.960407],[77.768145,12.960468],[77.768175,12.960561],[77.768391,12.961229],[77.768552,12.961347],[77.768564,12.961356],[77.768717,12.961467],[77.768953,12.96164],[77.769079,12.961655],[77.769261,12.961678],[77.769328,12.961687],[77.769741,12.961826],[77.769764,12.961834],[77.769849,12.961863],[77.769952,12.961898],[77.769992,12.961976],[77.77011,12.962206],[77.770157,12.962297],[77.770189,12.96236],[77.770333,12.96264],[77.770344,12.962663],[77.77036,12.962694],[77.770362,12.962718],[77.770367,12.962796],[77.770374,12.962903],[77.770375,12.962917],[77.770429,12.96291],[77.770506,12.962899],[77.770546,12.962894],[77.770657,12.962879],[77.770643,12.963015],[77.770642,12.963026],[77.770628,12.96315],[77.770621,12.963215],[77.770506,12.963213],[77.77059,12.963541],[77.770603,12.96359],[77.770617,12.963644],[77.77064,12.963731],[77.770696,12.963951],[77.770766,12.964221],[77.771201,12.964862],[77.771258,12.964946],[77.771288,12.96499],[77.771321,12.96503],[77.772052,12.965892],[77.772074,12.965917],[77.772086,12.965932],[77.772183,12.965942],[77.77219,12.965943],[77.772448,12.965971],[77.772815,12.966011],[77.772895,12.96602],[77.773018,12.966033],[77.773038,12.966035],[77.773147,12.966047],[77.773335,12.966067],[77.773347,12.966068],[77.773459,12.96608],[77.773495,12.966084],[77.773498,12.966085],[77.773529,12.966099],[77.773598,12.966107],[77.773617,12.966109],[77.773635,12.966111],[77.773959,12.966263],[77.774064,12.966312],[77.774198,12.966429],[77.774203,12.966433],[77.774241,12.966444],[77.774416,12.966495],[77.774439,12.966501],[77.774456,12.966506],[77.774542,12.966531],[77.7746,12.966548],[77.774621,12.966554],[77.774631,12.966557],[77.774665,12.966562],[77.774689,12.966566],[77.774762,12.966576],[77.774781,12.966579],[77.774861,12.96661],[77.775068,12.966688],[77.775195,12.966828],[77.775224,12.96686],[77.775264,12.966904],[77.775778,12.967214],[77.775783,12.967217],[77.775801,12.967227],[77.775874,12.967272],[77.775944,12.967314],[77.775995,12.967345],[77.77618,12.967457],[77.776192,12.967465],[77.776308,12.967535],[77.776346,12.967554],[77.776562,12.967626],[77.776653,12.967656],[77.776657,12.967658],[77.776709,12.967675],[77.776789,12.967692],[77.77685,12.967704],[77.7769,12.967715],[77.776924,12.96772],[77.77694,12.967723],[77.777296,12.967798],[77.777312,12.967801],[77.777334,12.967806],[77.777351,12.967809],[77.777417,12.967823],[77.77743,12.967977],[77.777438,12.968056],[77.77744,12.968089],[77.777433,12.968091],[77.777429,12.968092],[77.777456,12.968101],[77.777508,12.968118],[77.777579,12.968141],[77.777584,12.968143],[77.777598,12.968147],[77.777619,12.968154],[77.777629,12.968157],[77.777632,12.968156],[77.777638,12.968154],[77.777781,12.9681],[77.778505,12.967824],[77.778639,12.967757],[77.778679,12.967737],[77.778845,12.967654],[77.778749,12.967363],[77.778666,12.967175],[77.778705,12.966966],[77.778772,12.966842],[77.778787,12.966815],[77.778791,12.966807],[77.778796,12.966808],[77.778828,12.96681],[77.778946,12.966818],[77.778979,12.96682],[77.779216,12.966883],[77.779301,12.966906],[77.779703,12.96704],[77.779895,12.967104],[77.780009,12.967096],[77.780238,12.967079],[77.780412,12.967083],[77.780645,12.96709],[77.780677,12.967083],[77.780753,12.967068],[77.780798,12.967059],[77.780843,12.967049],[77.780907,12.967036],[77.780962,12.96702],[77.781223,12.966945],[77.781264,12.966917],[77.781311,12.966886],[77.781446,12.966796],[77.781642,12.966517],[77.781783,12.966316],[77.781823,12.966294],[77.781877,12.966264],[77.781977,12.966208],[77.782042,12.966185],[77.782046,12.966184],[77.782072,12.966178],[77.782123,12.966166],[77.782223,12.966207],[77.782372,12.966268],[77.782512,12.966327],[77.782586,12.966358],[77.782956,12.966458],[77.783056,12.966485],[77.783454,12.96657],[77.783736,12.966621],[77.783816,12.966635],[77.784064,12.96673],[77.784029,12.966891],[77.784023,12.967168],[77.784015,12.967554],[77.783968,12.967865],[77.783964,12.967892],[77.783964,12.967894],[77.783956,12.967947],[77.783922,12.968106],[77.783885,12.968282],[77.783792,12.968496],[77.783744,12.968743],[77.783588,12.969178],[77.783587,12.969181],[77.783583,12.969211],[77.783579,12.969242],[77.783504,12.969776],[77.78347,12.970019],[77.783459,12.970103],[77.783459,12.970103],[77.783395,12.97056],[77.783391,12.970588],[77.783352,12.970654],[77.783203,12.970901],[77.782894,12.970944],[77.782623,12.97091],[77.782205,12.970857],[77.781956,12.970856],[77.781553,12.970822],[77.781541,12.970821],[77.781328,12.970763],[77.781226,12.970735],[77.781164,12.970719],[77.780872,12.970372],[77.780828,12.97032],[77.780824,12.970316],[77.780668,12.970172],[77.780505,12.97002],[77.78047,12.969988],[77.780346,12.969931],[77.779878,12.970063],[77.779744,12.970088],[77.779699,12.970097],[77.779489,12.970136],[77.779201,12.970234],[77.779179,12.970244],[77.778824,12.970404],[77.778803,12.970423],[77.778669,12.970541],[77.778628,12.970577],[77.778566,12.970756],[77.778528,12.970865],[77.778529,12.970871],[77.778619,12.971289],[77.778834,12.971802],[77.778959,12.972119],[77.778981,12.972172],[77.778979,12.972181],[77.778924,12.972524],[77.778871,12.972644],[77.778796,12.972814],[77.778773,12.97282],[77.778692,12.97284],[77.778545,12.972878],[77.778278,12.972915],[77.77827,12.972923],[77.778227,12.972962],[77.77811,12.973072],[77.777986,12.973268],[77.777963,12.973305],[77.777931,12.973329],[77.77778,12.973447],[77.777515,12.973567],[77.777498,12.973575],[77.77746,12.973594],[77.777093,12.973779],[77.776785,12.974063],[77.776771,12.974089],[77.776658,12.974294],[77.776616,12.97437],[77.776552,12.974487],[77.776542,12.974493],[77.776493,12.974518],[77.776438,12.974546],[77.776397,12.9746],[77.776251,12.97479],[77.77625,12.974799],[77.776241,12.97486],[77.77623,12.974939],[77.776223,12.974992],[77.776216,12.975036],[77.776211,12.97507],[77.776202,12.975137],[77.776267,12.975316],[77.776402,12.975692],[77.776505,12.975977],[77.776658,12.976189],[77.776758,12.976214],[77.776845,12.976235],[77.776918,12.976254],[77.777174,12.976483],[77.777348,12.976458],[77.777354,12.976457],[77.777759,12.976283],[77.778075,12.976279],[77.778278,12.976496],[77.778307,12.976533],[77.778331,12.976565],[77.778448,12.976719],[77.778449,12.976722],[77.778449,12.976722],[77.778463,12.976789],[77.778491,12.97692],[77.778494,12.976937],[77.778497,12.976949],[77.778497,12.976949],[77.778516,12.977106],[77.778531,12.977232],[77.778531,12.977233],[77.778483,12.977537],[77.778429,12.977753],[77.778376,12.977963],[77.778375,12.977965],[77.778239,12.978243],[77.778207,12.978309],[77.778207,12.978309],[77.778173,12.978342],[77.778154,12.978361],[77.778155,12.978362],[77.778209,12.978371],[77.778149,12.978429],[77.777928,12.97851],[77.77759,12.978485],[77.777541,12.978473],[77.777326,12.978415],[77.777276,12.978402],[77.777029,12.97849],[77.776946,12.978589],[77.776885,12.978663],[77.776792,12.978775],[77.776481,12.97915],[77.776445,12.979193],[77.77627,12.979404],[77.776251,12.979427],[77.776193,12.979498],[77.776092,12.97961],[77.776015,12.979696],[77.775835,12.979896],[77.775538,12.980032],[77.775489,12.980055],[77.775031,12.980279],[77.774668,12.980459],[77.774687,12.980534],[77.7747,12.980589],[77.774701,12.980591],[77.774756,12.980687],[77.77479,12.980746],[77.774834,12.980823],[77.774865,12.980877],[77.775017,12.981074],[77.775033,12.981094],[77.775065,12.981136],[77.775238,12.981301],[77.775243,12.981306],[77.775247,12.98131],[77.77525,12.981397],[77.775245,12.981397],[77.775234,12.981398],[77.775238,12.981535],[77.775238,12.981558],[77.775296,12.98178],[77.775374,12.98208],[77.775441,12.982162],[77.775443,12.982165],[77.775634,12.982398],[77.775758,12.982497],[77.776043,12.982722],[77.776047,12.982734],[77.776096,12.982859],[77.776133,12.982955],[77.776187,12.983094],[77.776262,12.983288],[77.776276,12.983324],[77.776279,12.983332],[77.776329,12.98346],[77.776355,12.983527],[77.776412,12.983845],[77.776499,12.984113],[77.776565,12.984319],[77.776654,12.98453],[77.776719,12.984684],[77.776729,12.984707],[77.776767,12.984797],[77.776781,12.984874],[77.776819,12.984967],[77.776821,12.984972],[77.776848,12.985036],[77.776913,12.985195],[77.776869,12.98523],[77.776848,12.985246],[77.776722,12.985344],[77.776703,12.985355],[77.77654,12.985447],[77.776514,12.985463],[77.776458,12.985513],[77.776424,12.985542],[77.776341,12.985616],[77.776159,12.985778],[77.77615,12.985795],[77.776136,12.985823],[77.776006,12.986067],[77.775984,12.98611],[77.775973,12.986142],[77.775866,12.986448],[77.775923,12.986843],[77.775942,12.986973],[77.77596,12.986963],[77.775963,12.98698],[77.77599,12.987159],[77.775994,12.987186],[77.776009,12.987284],[77.776052,12.987426],[77.77606,12.987454],[77.776098,12.987579],[77.776128,12.987956],[77.776129,12.987967],[77.776137,12.988071],[77.776143,12.988139],[77.776143,12.988147],[77.776152,12.988261],[77.776145,12.988302],[77.776058,12.988789],[77.775886,12.989503],[77.775824,12.989701],[77.775807,12.989756],[77.775722,12.990032],[77.775543,12.990287],[77.775543,12.990994],[77.775606,12.99151],[77.775503,12.991678],[77.775486,12.991706],[77.775453,12.99176],[77.775366,12.991804],[77.775212,12.991881],[77.775073,12.99195],[77.775053,12.991947],[77.775035,12.991945],[77.774469,12.991861],[77.774457,12.991862],[77.774118,12.991886],[77.774118,12.991886],[77.77411,12.99198],[77.774141,12.992158],[77.774141,12.992161],[77.774379,12.993552],[77.774384,12.993584],[77.7744,12.993678],[77.774401,12.993683],[77.774407,12.993719],[77.774407,12.99372],[77.774351,12.993773],[77.774295,12.993827],[77.774288,12.993789],[77.774163,12.993908],[77.774161,12.993909],[77.774254,12.99443],[77.774264,12.994491],[77.774278,12.994566],[77.774327,12.994847],[77.77435,12.994977],[77.774354,12.994998],[77.774359,12.995029],[77.774374,12.99511],[77.774374,12.99511],[77.774376,12.995125],[77.774378,12.995132],[77.774382,12.995158],[77.774406,12.995291],[77.774442,12.995358],[77.774511,12.995487],[77.77454,12.995542],[77.774571,12.995599],[77.774615,12.995681],[77.774635,12.995719],[77.774652,12.995751],[77.774656,12.995758],[77.774652,12.995775],[77.774577,12.996113],[77.774504,12.99644],[77.774502,12.996448],[77.774576,12.996789],[77.774576,12.99679],[77.774636,12.997067],[77.774639,12.997082],[77.774586,12.99725],[77.774552,12.997358],[77.774494,12.997543],[77.774475,12.997724],[77.774457,12.997893],[77.774454,12.997915],[77.774543,12.997962],[77.774946,12.998175],[77.774947,12.998176],[77.774951,12.998178],[77.774846,12.99897],[77.774738,12.999788],[77.774739,12.99992],[77.774743,13.000433],[77.774748,13.001116],[77.774199,13.001155],[77.774075,13.001192],[77.773808,13.001272],[77.7738,13.001274],[77.773795,13.001292],[77.773741,13.001474],[77.773726,13.001523],[77.773652,13.00177],[77.773355,13.001888],[77.773334,13.001897],[77.773279,13.001919],[77.772922,13.002062],[77.77256,13.002526],[77.772559,13.002527],[77.772617,13.002878],[77.772708,13.002946],[77.772715,13.002951],[77.772739,13.00297],[77.772752,13.002971],[77.772851,13.002982],[77.772869,13.002984],[77.772879,13.002986],[77.772974,13.003009],[77.773116,13.003044],[77.773117,13.003044],[77.773503,13.003107],[77.773697,13.003101],[77.773973,13.003093],[77.774039,13.003091],[77.774054,13.003086],[77.774478,13.002935],[77.774483,13.002934],[77.774781,13.002969],[77.775441,13.003458],[77.77557,13.003553],[77.775603,13.003856],[77.775623,13.004048],[77.775624,13.004052],[77.775686,13.004473],[77.775711,13.004644],[77.775736,13.005124],[77.775738,13.005136],[77.775746,13.005188],[77.775756,13.005251],[77.775771,13.005344],[77.775836,13.005755],[77.775755,13.005867],[77.775726,13.005875],[77.775273,13.005996],[77.775105,13.006041],[77.774903,13.006144],[77.774696,13.006249],[77.774649,13.006262],[77.774478,13.006308],[77.774359,13.00636],[77.774211,13.006349],[77.774178,13.006347],[77.773861,13.006178],[77.773568,13.00617],[77.773365,13.006387],[77.773354,13.006398],[77.773358,13.006472],[77.77336,13.006506],[77.773364,13.006578],[77.773364,13.006583],[77.773364,13.006588],[77.773402,13.007298],[77.773405,13.007364],[77.77341,13.007445],[77.773414,13.007524],[77.77344,13.007949],[77.773446,13.008045],[77.77345,13.008119],[77.773214,13.008692],[77.773168,13.008804],[77.773179,13.008983],[77.773188,13.009128],[77.773194,13.009221],[77.773194,13.00923],[77.773202,13.009366],[77.773214,13.009553],[77.773258,13.009771],[77.773285,13.009907],[77.773302,13.009993],[77.773312,13.010041],[77.7734,13.010288],[77.773506,13.010396],[77.773669,13.010562],[77.773679,13.010573],[77.773862,13.010759],[77.773901,13.010799],[77.773902,13.01081],[77.773905,13.010834],[77.773905,13.010841],[77.773907,13.010858],[77.773908,13.010865],[77.773908,13.010868],[77.77391,13.010887],[77.773912,13.010901],[77.773915,13.010931],[77.773918,13.010961],[77.77392,13.01098],[77.773923,13.01101],[77.773924,13.011022],[77.773932,13.011102],[77.773938,13.011154],[77.773944,13.011212],[77.773948,13.011257],[77.773954,13.011313],[77.773957,13.011338],[77.773964,13.011407],[77.773968,13.011452],[77.773975,13.011517],[77.773999,13.011746],[77.774017,13.011926],[77.774038,13.012128],[77.774042,13.012165],[77.774042,13.012166],[77.774098,13.012707],[77.774142,13.013132],[77.774144,13.01316],[77.774063,13.013249],[77.773891,13.013437],[77.773756,13.013584],[77.773554,13.013805],[77.773478,13.013888],[77.773157,13.014382],[77.773156,13.014384],[77.772962,13.014682],[77.772875,13.014817],[77.772866,13.01483],[77.772847,13.014859],[77.772831,13.014864],[77.772662,13.014912],[77.772582,13.014935],[77.772541,13.014946],[77.772513,13.014956],[77.77239,13.015],[77.772126,13.015093],[77.771984,13.015144],[77.771874,13.015183],[77.771744,13.01523],[77.77172,13.015239],[77.771672,13.015141],[77.77147,13.015046],[77.771462,13.015048],[77.77146,13.015042],[77.771367,13.014672],[77.771274,13.014417],[77.771224,13.014001],[77.771159,13.013822],[77.771127,13.013663],[77.771121,13.013636],[77.771106,13.013561],[77.771076,13.013419],[77.771066,13.013379],[77.770993,13.013108],[77.770897,13.012747],[77.770889,13.012716],[77.770883,13.012696],[77.770878,13.012677],[77.770858,13.0126],[77.770783,13.012495],[77.77074,13.012434],[77.77067,13.012336],[77.770622,13.012165],[77.770576,13.012005],[77.770548,13.011904],[77.770534,13.011858],[77.770516,13.011794],[77.770513,13.011783],[77.770502,13.011744],[77.770501,13.011739],[77.770456,13.011614],[77.77037,13.011559],[77.770354,13.011101],[77.770354,13.011086],[77.770287,13.010945],[77.77023,13.010826],[77.770222,13.010765],[77.7702,13.010614],[77.77018,13.01048],[77.770155,13.010423],[77.77008,13.010251],[77.770054,13.010192],[77.770009,13.010038],[77.76998,13.00997],[77.769962,13.009899],[77.769925,13.009757],[77.769894,13.009678],[77.769772,13.009369],[77.769893,13.009328],[77.769928,13.009136],[77.769917,13.009085],[77.769869,13.008853],[77.769701,13.008864],[77.769678,13.008408],[77.769716,13.007668],[77.769721,13.007552],[77.769492,13.005925],[77.769348,13.005388],[77.769248,13.004737],[77.769233,13.004638],[77.769249,13.004637],[77.76936,13.004537],[77.769272,13.004245],[77.768978,13.003562],[77.768583,13.002653],[77.767788,13.003106],[77.767788,13.003106],[77.767601,13.003165],[77.767428,13.003219],[77.76738,13.003234],[77.767324,13.003252],[77.767313,13.003254],[77.766081,13.003497],[77.765871,13.00356],[77.765696,13.003611],[77.765541,13.003685],[77.765522,13.003694],[77.765477,13.003716],[77.765394,13.003738],[77.764573,13.003956],[77.764236,13.004044],[77.764157,13.004064],[77.764137,13.00407],[77.764121,13.004074],[77.764094,13.003982],[77.764087,13.003961],[77.764061,13.003875],[77.764035,13.003787],[77.763926,13.003422],[77.763871,13.003239],[77.764062,13.003128],[77.76391,13.003017],[77.763798,13.002936],[77.763491,13.002713],[77.763342,13.002604],[77.763237,13.002743],[77.763258,13.002757],[77.763362,13.002851],[77.763427,13.002911],[77.763397,13.00295],[77.763355,13.003003],[77.763338,13.003025],[77.763311,13.003058],[77.763226,13.003164],[77.76314,13.003299],[77.762971,13.003526],[77.762827,13.003698],[77.762758,13.00383],[77.762736,13.003889],[77.762718,13.003937],[77.762692,13.004041],[77.762666,13.004148],[77.76258,13.004333],[77.76251,13.004442],[77.76246,13.004544],[77.762404,13.004676],[77.762359,13.004732],[77.762291,13.004797],[77.762252,13.004859],[77.762196,13.004922],[77.762106,13.005032],[77.761992,13.005119],[77.761862,13.005166],[77.761779,13.005192],[77.761633,13.005182],[77.761582,13.005172],[77.761473,13.00515],[77.761425,13.005125],[77.761424,13.005124],[77.761383,13.005102],[77.761382,13.005102],[77.761079,13.005026],[77.760869,13.004973],[77.760783,13.004952],[77.760647,13.005023],[77.760568,13.005065],[77.76038,13.005164],[77.760354,13.005177],[77.760207,13.005255],[77.759822,13.005596],[77.759688,13.005714],[77.759663,13.005736],[77.759561,13.005868],[77.759384,13.006098],[77.759407,13.006283],[77.759431,13.006474],[77.759472,13.006576],[77.759585,13.006861],[77.759636,13.00699],[77.759713,13.007187],[77.759619,13.007369],[77.759616,13.007376],[77.759587,13.007432],[77.75957,13.007467],[77.759552,13.007484],[77.759537,13.007499],[77.759336,13.007698],[77.759249,13.007782],[77.75917,13.00786],[77.759149,13.007881],[77.759143,13.007882],[77.758872,13.007942],[77.758696,13.008079],[77.758674,13.008108],[77.758462,13.008276],[77.758444,13.00829],[77.758292,13.008411],[77.758194,13.008488],[77.758029,13.008557],[77.757891,13.008615],[77.757552,13.008752],[77.75745,13.008793],[77.757365,13.008828],[77.757305,13.008882],[77.757103,13.009141],[77.757066,13.009189],[77.756975,13.009297],[77.756919,13.009354],[77.75671,13.009563],[77.756438,13.009782],[77.756202,13.009939],[77.756014,13.010072],[77.75566,13.010227],[77.755609,13.010241],[77.755475,13.01026],[77.755428,13.010267],[77.755369,13.010263],[77.755335,13.010253],[77.75531,13.010239],[77.755255,13.01017],[77.755196,13.010013],[77.755175,13.009958],[77.755143,13.009876],[77.755104,13.009748],[77.755088,13.009263],[77.755086,13.009216],[77.755015,13.009084],[77.754869,13.008903],[77.754822,13.008846],[77.754793,13.008838],[77.754742,13.008839],[77.754673,13.008877],[77.754644,13.008888],[77.754615,13.008907],[77.75439,13.009058],[77.754267,13.009216],[77.754045,13.009504],[77.754019,13.009525],[77.753604,13.009859],[77.752889,13.010435],[77.752853,13.010464],[77.752848,13.010468],[77.752843,13.010471],[77.752826,13.010482],[77.75282,13.010485],[77.752754,13.010524],[77.752497,13.010676],[77.752437,13.010712],[77.752302,13.010748],[77.751971,13.010832],[77.75188,13.010882],[77.751293,13.011205],[77.751037,13.011307],[77.750869,13.011375],[77.750767,13.011333],[77.750712,13.011311],[77.750684,13.011299],[77.750628,13.011276],[77.750332,13.011282],[77.75033,13.011282],[77.750066,13.011317],[77.749836,13.011348],[77.749625,13.011514],[77.749664,13.011623],[77.749599,13.011681],[77.749459,13.011805],[77.749214,13.01204],[77.749126,13.012085],[77.748894,13.012203],[77.748786,13.012258],[77.748719,13.012293],[77.748282,13.012519],[77.74814,13.012594],[77.748082,13.012624],[77.747977,13.01268],[77.747881,13.012731],[77.747837,13.012233],[77.747796,13.011498],[77.747452,13.011596],[77.747217,13.011663],[77.74711,13.011268],[77.747019,13.010938],[77.746983,13.010804],[77.746939,13.010644],[77.746893,13.010476],[77.746989,13.010496],[77.747029,13.010505],[77.747105,13.010195],[77.747115,13.010155],[77.747121,13.010129],[77.747155,13.010001],[77.747163,13.00997],[77.747198,13.00984],[77.747157,13.009785],[77.747103,13.009714],[77.74706,13.009657],[77.747042,13.009633],[77.747029,13.009616],[77.746966,13.009577],[77.74695,13.009568],[77.74695,13.009346],[77.746949,13.008652],[77.746949,13.008541],[77.746946,13.008371],[77.746941,13.008067],[77.746915,13.00798],[77.746881,13.007848],[77.746884,13.007718],[77.746884,13.007703],[77.746881,13.007604],[77.746877,13.007513],[77.746876,13.007483],[77.746875,13.007436],[77.746871,13.007348],[77.74687,13.007308],[77.74687,13.007299],[77.746867,13.007231],[77.746866,13.007202],[77.746971,13.007198],[77.747052,13.007195],[77.747142,13.007192],[77.747112,13.007041],[77.74711,13.007034],[77.747103,13.006996],[77.747096,13.006929],[77.747086,13.006828],[77.747085,13.00682],[77.746999,13.006813],[77.746883,13.006804],[77.746862,13.006811],[77.746834,13.00682],[77.746829,13.006821],[77.746823,13.006823],[77.746188,13.007005],[77.745562,13.007119],[77.745154,13.007171],[77.744575,13.007195],[77.744252,13.007181],[77.743899,13.007138],[77.743891,13.007137],[77.743844,13.007131],[77.743366,13.007072],[77.743274,13.007072],[77.743147,13.007074],[77.741801,13.00712],[77.74142,13.007133],[77.741105,13.007143],[77.741046,13.00741],[77.741016,13.007538],[77.740945,13.007842],[77.740937,13.007877],[77.740937,13.007877],[77.74092,13.007947],[77.740897,13.008046],[77.740878,13.008125],[77.740448,13.008058],[77.740372,13.008061],[77.739961,13.007977],[77.739613,13.007898],[77.739229,13.007807],[77.738896,13.007757],[77.738775,13.007715],[77.738591,13.007653],[77.738567,13.007645],[77.738506,13.007624],[77.738476,13.00762],[77.738143,13.007577],[77.738043,13.007605],[77.738043,13.007667],[77.737898,13.007689],[77.73767,13.007723],[77.737181,13.007794],[77.736602,13.007878],[77.736228,13.007662],[77.736147,13.007615],[77.736148,13.007847],[77.736148,13.007858],[77.736148,13.007942],[77.736149,13.008038],[77.736149,13.008256],[77.736149,13.00828],[77.736156,13.00833],[77.736159,13.008353],[77.736161,13.008368],[77.736162,13.008376],[77.73624,13.009076],[77.736245,13.00913],[77.736248,13.009389],[77.736244,13.009725],[77.736239,13.009956],[77.736236,13.010119],[77.736232,13.010763],[77.735902,13.010863],[77.735879,13.01087],[77.735746,13.01091],[77.735671,13.010933],[77.735588,13.010913],[77.735531,13.010888],[77.735379,13.010821],[77.734736,13.010537],[77.734231,13.010314],[77.734047,13.010233],[77.733958,13.010196],[77.733869,13.010248],[77.733823,13.010268],[77.733355,13.010477],[77.733169,13.010599],[77.733065,13.010667],[77.732842,13.010771],[77.732441,13.010801],[77.732128,13.010768],[77.732038,13.010775],[77.731867,13.010788],[77.731716,13.010799],[77.731537,13.010812],[77.731409,13.010821],[77.731161,13.010811],[77.730685,13.010791],[77.730482,13.010784],[77.730249,13.010756],[77.730112,13.010746],[77.729825,13.010728],[77.729546,13.010707],[77.729105,13.010656],[77.728906,13.010633],[77.728699,13.010609],[77.728695,13.010608],[77.728565,13.010584],[77.72852,13.010575],[77.728441,13.010561],[77.728434,13.010537],[77.72833,13.01054],[77.728234,13.010542],[77.728082,13.010545],[77.728087,13.010567],[77.728096,13.010611],[77.728112,13.010698],[77.72813,13.010801],[77.728182,13.01108],[77.728199,13.011176],[77.728267,13.011548],[77.728287,13.011654],[77.728317,13.011893],[77.728328,13.012086],[77.728336,13.01222],[77.728364,13.0127],[77.728382,13.013026],[77.728386,13.013083],[77.728386,13.013086],[77.728415,13.01326],[77.728535,13.013841],[77.72866,13.014449],[77.7288,13.014757],[77.72906,13.015374],[77.729098,13.015463],[77.729141,13.015588],[77.729159,13.015637],[77.729377,13.016299],[77.729384,13.016323],[77.729462,13.016581],[77.729658,13.017227],[77.729769,13.017592],[77.729797,13.017701],[77.729982,13.018439],[77.730052,13.018715],[77.730053,13.018721],[77.730116,13.01904],[77.730116,13.019055],[77.730107,13.019365],[77.730105,13.019454],[77.730096,13.019777],[77.730095,13.019815],[77.729893,13.019987],[77.729825,13.020025],[77.7295,13.020201],[77.729479,13.020266],[77.729444,13.020373],[77.729414,13.0204],[77.729394,13.020428],[77.729378,13.020453],[77.729373,13.020459],[77.728837,13.021254],[77.728107,13.022333],[77.727339,13.02347],[77.727031,13.023925],[77.726586,13.024584],[77.726288,13.025025],[77.726119,13.025275],[77.726116,13.02528],[77.726001,13.025447],[77.725986,13.025469],[77.725776,13.025775],[77.725695,13.025893],[77.725663,13.02594],[77.725578,13.025894],[77.725554,13.025881],[77.725426,13.025896],[77.725357,13.025904],[77.725303,13.02591],[77.725171,13.025925],[77.725153,13.025928],[77.725149,13.026388],[77.725148,13.026608],[77.725105,13.027118],[77.724939,13.027871],[77.724828,13.028468],[77.724822,13.028542],[77.724814,13.028653],[77.724811,13.02869],[77.724811,13.02869],[77.724798,13.02887],[77.724798,13.028875],[77.724788,13.02898],[77.724784,13.02902],[77.724773,13.029139],[77.724768,13.029183],[77.724723,13.029663],[77.724717,13.029732],[77.724683,13.030089],[77.724683,13.030094],[77.724735,13.030254],[77.724764,13.030346],[77.724804,13.030468],[77.72479,13.030904],[77.724853,13.03126],[77.724885,13.031438],[77.724898,13.031516],[77.724905,13.031554],[77.724905,13.031572],[77.724903,13.031802],[77.724901,13.031973],[77.724897,13.032007],[77.724882,13.032129],[77.724846,13.032411],[77.724749,13.032436],[77.724317,13.03254],[77.724193,13.03257],[77.72417,13.03267],[77.72417,13.032671],[77.724084,13.033047],[77.72402,13.033329],[77.724017,13.03334],[77.723997,13.033428],[77.72399,13.033459],[77.723905,13.033571],[77.723347,13.033515],[77.723044,13.033596],[77.722219,13.033816],[77.722165,13.033833],[77.722039,13.033873],[77.721838,13.033936],[77.721568,13.034021],[77.721519,13.034037],[77.721467,13.034054],[77.721449,13.034059],[77.721444,13.034061],[77.721446,13.034113],[77.721332,13.033967],[77.721179,13.033845],[77.720722,13.033771],[77.720339,13.033637],[77.720281,13.033616],[77.719834,13.033459],[77.719713,13.033417],[77.719583,13.033371],[77.71955,13.033364],[77.71908,13.033257],[77.7189,13.033216],[77.718197,13.033057],[77.71811,13.033038],[77.717767,13.032982],[77.71774,13.032975],[77.717416,13.032897],[77.717386,13.032716],[77.717375,13.032655],[77.717362,13.032547],[77.71736,13.032458],[77.717356,13.03231],[77.717341,13.031704],[77.717343,13.031697],[77.717337,13.031576],[77.717251,13.031578],[77.717244,13.031578],[77.717184,13.031586],[77.717119,13.031595],[77.716957,13.031616],[77.716853,13.03163],[77.716721,13.031648],[77.716633,13.03166],[77.716631,13.03166],[77.716574,13.031667],[77.716481,13.03168],[77.716359,13.031696],[77.716183,13.03172],[77.716087,13.031722],[77.716041,13.031723],[77.716017,13.031723],[77.716006,13.031723],[77.715995,13.03181],[77.715993,13.031821],[77.715992,13.031831],[77.715991,13.031836],[77.715991,13.031838],[77.715991,13.031842],[77.715983,13.031844],[77.715785,13.031882],[77.715785,13.031886],[77.715646,13.031896],[77.715135,13.031934],[77.715077,13.031938],[77.715069,13.031939],[77.714981,13.031945],[77.714963,13.031946],[77.71494,13.031918],[77.714641,13.031541],[77.714583,13.031467],[77.714558,13.031435],[77.714495,13.031356],[77.714334,13.031153],[77.714256,13.031055],[77.714227,13.031018],[77.714078,13.03083],[77.713909,13.030618],[77.713883,13.030584],[77.713826,13.030512],[77.713732,13.030394],[77.713576,13.030196],[77.71349,13.030089],[77.713243,13.029777],[77.71317,13.029686],[77.713125,13.02963],[77.713079,13.029574],[77.712872,13.029319],[77.712251,13.02855],[77.712142,13.028417],[77.712142,13.028416],[77.712101,13.028365],[77.71196,13.028191],[77.711955,13.028185],[77.711898,13.028088],[77.711743,13.027824],[77.711738,13.027816],[77.711587,13.027558],[77.71143,13.027291],[77.711404,13.027247],[77.711235,13.026958],[77.711004,13.026565],[77.710939,13.026455],[77.710924,13.02643],[77.710854,13.02631],[77.710801,13.026219],[77.710735,13.026108],[77.710715,13.026074],[77.710701,13.026049],[77.710666,13.02599],[77.710656,13.025973],[77.710644,13.025952],[77.710656,13.025939],[77.710624,13.025925],[77.710154,13.025725],[77.709654,13.025512],[77.70965,13.025511],[77.709171,13.025307],[77.70917,13.025307],[77.709153,13.025299],[77.708982,13.025367],[77.708484,13.025563],[77.707945,13.025775],[77.70793,13.025781],[77.707913,13.025784],[77.707558,13.025856],[77.706912,13.025987],[77.706348,13.026101],[77.705921,13.026187],[77.705788,13.026171],[77.705482,13.026133],[77.705355,13.026117],[77.705312,13.026112],[77.705238,13.026103],[77.705122,13.026088],[77.705023,13.026073],[77.704602,13.026007],[77.704595,13.026006],[77.704577,13.026004],[77.704558,13.026001],[77.704345,13.025968],[77.703981,13.025906],[77.703739,13.025866],[77.703724,13.025863],[77.703466,13.02582],[77.703396,13.025808],[77.703167,13.02573],[77.70292,13.025645],[77.70288,13.025632],[77.701569,13.025095],[77.701281,13.024983],[77.701272,13.02498],[77.701186,13.024946],[77.70122,13.025062],[77.701245,13.02515],[77.701308,13.025366],[77.701509,13.026415],[77.701524,13.026499],[77.701537,13.026571],[77.701659,13.027259],[77.701676,13.027379],[77.701684,13.027437],[77.701614,13.027431],[77.698576,13.027168],[77.698567,13.027168],[77.698473,13.027155],[77.698315,13.027134],[77.698129,13.027109],[77.698074,13.027102],[77.69777,13.027061],[77.697748,13.027058],[77.697395,13.027017],[77.69726,13.027001],[77.697017,13.026973],[77.696999,13.026971],[77.696993,13.02697],[77.69674,13.026947],[77.696615,13.026935],[77.696601,13.026934],[77.696584,13.026932],[77.696407,13.026918],[77.696396,13.026917],[77.696136,13.026896],[77.696123,13.026895],[77.69611,13.026894],[77.69609,13.026892],[77.696085,13.026892],[77.694458,13.026746],[77.694379,13.026739],[77.690915,13.03249],[77.690819,13.032508],[77.689792,13.032687],[77.689168,13.03286],[77.68845,13.033005],[77.688085,13.033105],[77.687646,13.03322],[77.687329,13.0333],[77.687105,13.033357],[77.686916,13.033405],[77.686466,13.033548],[77.683935,13.033272],[77.68363,13.033239],[77.683628,13.033271],[77.683625,13.033321],[77.683625,13.033322],[77.683623,13.033341],[77.683623,13.033354],[77.683619,13.033408],[77.683608,13.033577],[77.683607,13.033592],[77.683604,13.033637],[77.6836,13.033701],[77.683602,13.03372],[77.683609,13.033777],[77.683622,13.033888],[77.683628,13.03394],[77.683631,13.033965],[77.683653,13.034158],[77.683654,13.034177],[77.683614,13.034381],[77.683617,13.034619],[77.683619,13.03476],[77.683652,13.034819],[77.683726,13.034949],[77.683733,13.035019],[77.683739,13.035085],[77.683754,13.035246],[77.683756,13.035252],[77.683788,13.035372],[77.683794,13.035392],[77.683797,13.035419],[77.683801,13.03546],[77.68381,13.03554],[77.683822,13.035793],[77.683848,13.035993],[77.683858,13.036064],[77.683881,13.036251],[77.683883,13.036275],[77.683936,13.036463],[77.683971,13.036585],[77.683995,13.036675],[77.683979,13.036995],[77.683973,13.037127],[77.683966,13.03725],[77.683982,13.037382],[77.683988,13.037433],[77.683991,13.037463],[77.683997,13.037508],[77.684002,13.03755],[77.684006,13.037589],[77.684018,13.037649],[77.684018,13.037654],[77.684021,13.03767],[77.684028,13.03771],[77.684094,13.03809],[77.68416,13.038468],[77.68416,13.03847],[77.684163,13.038487],[77.684266,13.039086],[77.68427,13.039107],[77.684297,13.039247],[77.684376,13.039663],[77.684389,13.039733],[77.684394,13.039757],[77.684433,13.039945],[77.684452,13.040037],[77.684482,13.040183],[77.684484,13.040194],[77.684497,13.04026],[77.684521,13.040388],[77.684527,13.040419],[77.684544,13.040507],[77.68455,13.040534],[77.684571,13.040658],[77.684585,13.040744],[77.684602,13.040853],[77.684605,13.040871],[77.684607,13.040881],[77.684608,13.040891],[77.684629,13.041052],[77.68463,13.041063],[77.684635,13.04109],[77.684643,13.041139],[77.684672,13.041298],[77.684699,13.041451],[77.684731,13.041631],[77.684749,13.04179],[77.684764,13.04192],[77.684776,13.042023],[77.684781,13.042065],[77.68481,13.042318],[77.684835,13.042541],[77.684837,13.042556],[77.684847,13.042646],[77.684857,13.042731],[77.684872,13.042866],[77.684875,13.042903],[77.684876,13.042916],[77.684892,13.043134],[77.684903,13.043278],[77.684911,13.043381],[77.684928,13.043604],[77.684941,13.04378],[77.684974,13.044224],[77.684978,13.044276],[77.684983,13.044342],[77.684992,13.044441],[77.684996,13.044482],[77.685005,13.044581],[77.685021,13.044764],[77.685027,13.044836],[77.685038,13.044959],[77.685042,13.045007],[77.685046,13.045041],[77.685049,13.045078],[77.685052,13.04511],[77.684996,13.045364],[77.684987,13.045406],[77.684945,13.045602],[77.68492,13.045714],[77.684823,13.04616],[77.684789,13.046318],[77.684787,13.046328],[77.684661,13.046909],[77.68461,13.047145],[77.684553,13.047408],[77.684483,13.04773],[77.684427,13.047988],[77.684374,13.048229],[77.684133,13.04934],[77.684118,13.049411],[77.684106,13.049466],[77.683967,13.050107],[77.683965,13.050107],[77.683856,13.050099],[77.683805,13.050096],[77.683796,13.050026],[77.683657,13.050041],[77.683614,13.049963],[77.683611,13.049965],[77.683169,13.050278],[77.682907,13.050463],[77.682889,13.050476],[77.682299,13.050894],[77.681786,13.051293],[77.681676,13.051379],[77.681185,13.051759],[77.681127,13.051805],[77.681083,13.051839],[77.681035,13.051876],[77.680935,13.051927],[77.680896,13.051948],[77.680653,13.052072],[77.680566,13.052117],[77.68055,13.052124],[77.680202,13.052302],[77.680162,13.052321],[77.680161,13.052321],[77.680001,13.052396],[77.67992,13.052434],[77.679903,13.052442],[77.67981,13.052485],[77.679535,13.052451],[77.679531,13.05245],[77.679309,13.052422],[77.679189,13.052425],[77.67892,13.052433],[77.678897,13.052433],[77.678779,13.052435],[77.678655,13.052436],[77.678582,13.052437],[77.678398,13.052439],[77.678396,13.052439],[77.678397,13.052443],[77.678399,13.05245],[77.678406,13.05247],[77.678429,13.052537],[77.678447,13.052591],[77.678492,13.052725],[77.678494,13.052812],[77.678494,13.052815],[77.6785,13.053047],[77.678509,13.053309],[77.678509,13.053317],[77.678522,13.053338],[77.678638,13.053528],[77.678666,13.053652],[77.67867,13.053667],[77.67872,13.053856],[77.678733,13.053904],[77.678736,13.053915],[77.678741,13.053935],[77.678751,13.053971],[77.678742,13.053971],[77.67872,13.05397],[77.678705,13.053969],[77.678694,13.053969],[77.678695,13.053974],[77.678703,13.054028],[77.678709,13.054063],[77.678715,13.054105],[77.678722,13.054145],[77.678726,13.054165],[77.678924,13.054998],[77.679027,13.0553],[77.679035,13.055323],[77.679082,13.055462],[77.679141,13.055521],[77.679215,13.055596],[77.679255,13.055637],[77.679371,13.055693],[77.679388,13.05569],[77.67947,13.055679],[77.67949,13.055676],[77.679474,13.055772],[77.67946,13.055856],[77.679416,13.056121],[77.679404,13.056189],[77.679389,13.056282],[77.679382,13.056348],[77.679373,13.05645],[77.67937,13.056466],[77.679353,13.056638],[77.67935,13.056672],[77.679345,13.056719],[77.679318,13.056834],[77.67927,13.057227],[77.679239,13.057484],[77.679228,13.057577],[77.679062,13.057546],[77.679052,13.057544],[77.679043,13.057543],[77.679006,13.057526],[77.678994,13.05752],[77.67892,13.057753],[77.678885,13.058029],[77.678905,13.058044],[77.678936,13.058066],[77.678945,13.058064],[77.679004,13.058054],[77.679128,13.058029],[77.679136,13.058027],[77.679137,13.058029],[77.679168,13.058076],[77.679195,13.058116],[77.679371,13.058381],[77.679467,13.058527],[77.679387,13.059512],[77.679349,13.059863],[77.679293,13.060329],[77.679269,13.060536],[77.679285,13.060604],[77.679309,13.060701],[77.679377,13.060978],[77.679396,13.061056],[77.679448,13.061126],[77.67945,13.061129],[77.679572,13.061292],[77.679575,13.061345],[77.679607,13.06197],[77.67933,13.062428],[77.679134,13.062871],[77.678466,13.062844],[77.678452,13.062843],[77.67817,13.062845],[77.678094,13.062847],[77.677915,13.062853],[77.677851,13.062855],[77.677722,13.062859],[77.677692,13.06286],[77.677662,13.062865],[77.677643,13.062867],[77.677614,13.062869],[77.677579,13.062871],[77.677529,13.062874],[77.67667,13.062882],[77.676595,13.063282],[77.676676,13.063884],[77.676762,13.064167],[77.676841,13.064421],[77.677188,13.065031],[77.67712,13.065055],[77.676811,13.065109],[77.676425,13.065134],[77.675999,13.065026],[77.675354,13.064946],[77.674741,13.06512],[77.674633,13.065207],[77.674579,13.065302],[77.673455,13.065403],[77.673375,13.06541],[77.673296,13.065421],[77.673044,13.065455],[77.672837,13.065522],[77.672406,13.065646],[77.672374,13.065648],[77.670983,13.065725],[77.670967,13.065726],[77.670027,13.065782],[77.667323,13.063842],[77.667297,13.064041],[77.667296,13.064051],[77.667284,13.064141],[77.667207,13.064633],[77.667187,13.064756],[77.667182,13.064789],[77.667135,13.065084],[77.667099,13.065315],[77.667068,13.065511],[77.667061,13.065561],[77.667052,13.06563],[77.66705,13.065651],[77.667036,13.065754],[77.667028,13.065819],[77.667026,13.06583],[77.667016,13.065905],[77.666878,13.065939],[77.665795,13.066205],[77.665723,13.06623],[77.663595,13.066978],[77.663144,13.067091],[77.66256,13.067238],[77.66256,13.067238],[77.661893,13.067399],[77.661821,13.067417],[77.661786,13.067425],[77.661785,13.06743],[77.661785,13.06743],[77.661784,13.067431],[77.660984,13.067651],[77.660952,13.06766],[77.660794,13.067704],[77.660772,13.06771],[77.660506,13.067783],[77.660253,13.067853],[77.660151,13.06787],[77.660088,13.06788],[77.660026,13.067928],[77.660007,13.067943],[77.659798,13.068104],[77.659702,13.068179],[77.659668,13.068205],[77.659661,13.068211],[77.659659,13.068233],[77.65965,13.068371],[77.65961,13.068489],[77.659595,13.068535],[77.659527,13.068735],[77.659273,13.069488],[77.659151,13.069847],[77.659085,13.070045],[77.659026,13.070213],[77.65897,13.070372],[77.65896,13.070401],[77.658918,13.070521],[77.658911,13.07054],[77.658838,13.070749],[77.658752,13.07095],[77.658715,13.071038],[77.658645,13.071203],[77.658531,13.071482],[77.658421,13.071755],[77.658409,13.071779],[77.658345,13.071909],[77.658276,13.072048],[77.658198,13.072208],[77.657865,13.072885],[77.657823,13.07297],[77.657691,13.073133],[77.657473,13.073401],[77.657348,13.073555],[77.657222,13.073711],[77.657109,13.073851],[77.656904,13.074104],[77.656631,13.074441],[77.656532,13.074563],[77.656531,13.074564],[77.656491,13.074613],[77.656444,13.074804],[77.656432,13.074855],[77.656391,13.075022],[77.656342,13.07522],[77.656049,13.076501],[77.656041,13.076538],[77.655912,13.0771],[77.655905,13.077131],[77.655895,13.077172],[77.655893,13.077182],[77.655778,13.077622],[77.655676,13.077934],[77.655522,13.078716],[77.655428,13.079133],[77.655355,13.07944],[77.655318,13.079592],[77.655252,13.079863],[77.655218,13.079997],[77.655186,13.080126],[77.654794,13.081642],[77.654721,13.081993],[77.654104,13.081934],[77.653977,13.081922],[77.653498,13.081863],[77.649586,13.081363],[77.649383,13.081566],[77.649376,13.081573],[77.649358,13.081597],[77.649334,13.081629],[77.649275,13.081706],[77.649203,13.081803],[77.649076,13.081971],[77.649073,13.081975],[77.648898,13.082207],[77.648746,13.082408],[77.648731,13.082428],[77.648723,13.082439],[77.648613,13.082585],[77.648604,13.082597],[77.648549,13.082675],[77.648451,13.082813],[77.648448,13.082816],[77.648368,13.082929],[77.64836,13.08294],[77.648234,13.083111],[77.648175,13.08319],[77.648157,13.083214],[77.648099,13.083294],[77.64801,13.083407],[77.647644,13.083811],[77.647643,13.083811],[77.647607,13.083852],[77.647577,13.083886],[77.647091,13.084442],[77.646748,13.084941],[77.646603,13.085152],[77.646566,13.08536],[77.646566,13.085366],[77.646564,13.085403],[77.646562,13.085436],[77.646554,13.085577],[77.646544,13.085818],[77.646536,13.086],[77.646532,13.086087],[77.64653,13.086132],[77.646524,13.086276],[77.646459,13.086285],[77.646273,13.086309],[77.646189,13.086321],[77.646158,13.086325],[77.64601,13.086345],[77.645872,13.086363],[77.645871,13.086363],[77.643789,13.086643],[77.643747,13.086648],[77.643464,13.086686],[77.643023,13.08679],[77.642697,13.086886],[77.643262,13.088091],[77.643269,13.088105],[77.645877,13.09342],[77.646025,13.093721],[77.646342,13.094366],[77.646662,13.09502],[77.646728,13.095156],[77.646804,13.095314],[77.646806,13.095317],[77.646828,13.095359],[77.647071,13.095843],[77.64735,13.096454],[77.647376,13.096534],[77.64743,13.096701],[77.647456,13.096776],[77.647716,13.097676],[77.64783,13.097995],[77.64789,13.098162],[77.647907,13.098193],[77.647913,13.098204],[77.64792,13.098215],[77.648065,13.098483],[77.648184,13.098701],[77.64834,13.098973],[77.648454,13.099158],[77.648455,13.099188],[77.648457,13.099241],[77.648489,13.099374],[77.648494,13.099379],[77.648542,13.099435],[77.648568,13.099519],[77.648579,13.099556],[77.648608,13.099649],[77.648636,13.099722],[77.648639,13.099731],[77.648722,13.09995],[77.648747,13.100018],[77.648748,13.100045],[77.648749,13.100103],[77.648756,13.10012],[77.648776,13.100166],[77.648789,13.100196],[77.64881,13.100245],[77.648835,13.100303],[77.648854,13.100347],[77.648855,13.100374],[77.648856,13.100384],[77.648858,13.100456],[77.64886,13.100463],[77.648869,13.100491],[77.648932,13.100695],[77.649023,13.101111],[77.64903,13.10115],[77.649058,13.101319],[77.649119,13.101686],[77.649239,13.101951],[77.649532,13.102598],[77.649564,13.102703],[77.649618,13.102884],[77.649636,13.102929],[77.649871,13.103538],[77.650135,13.104222],[77.650228,13.104465],[77.650238,13.104488],[77.65032,13.104656],[77.650303,13.104659],[77.650275,13.104665],[77.649472,13.104839],[77.649385,13.104858],[77.649369,13.10486],[77.647148,13.105204],[77.645702,13.105428],[77.645484,13.105463],[77.644699,13.10559],[77.644275,13.105659],[77.644227,13.105667],[77.644057,13.105693],[77.64393,13.105719],[77.643854,13.105735],[77.64323,13.105598],[77.642962,13.105532],[77.642238,13.105486],[77.642035,13.105509],[77.641923,13.105539],[77.641811,13.105569],[77.641683,13.105583],[77.64128,13.105662],[77.64117,13.105687],[77.641152,13.105692],[77.640854,13.105776],[77.640818,13.105786],[77.640761,13.105802],[77.640681,13.105807],[77.640595,13.105812],[77.640333,13.105828],[77.640327,13.105829],[77.640258,13.105834],[77.640126,13.105845],[77.639994,13.105855],[77.63997,13.105857],[77.639524,13.10597],[77.639473,13.105985],[77.639321,13.106025],[77.639278,13.10603],[77.638959,13.106062],[77.638341,13.106125],[77.638114,13.106141],[77.637835,13.106162],[77.637729,13.10617],[77.637475,13.106202],[77.637368,13.106215],[77.637283,13.106229],[77.637209,13.10624],[77.637021,13.106269],[77.637022,13.106296],[77.637026,13.106363],[77.637014,13.106366],[77.636991,13.106371],[77.636961,13.106378],[77.636951,13.10638],[77.636952,13.106385],[77.636959,13.106404],[77.636989,13.10649],[77.636991,13.106545],[77.636998,13.106689],[77.637013,13.106989],[77.637023,13.107205],[77.637033,13.107403],[77.637243,13.107884],[77.63745,13.108369],[77.637471,13.108417],[77.637476,13.108454],[77.637541,13.108807],[77.637605,13.109208],[77.637608,13.109227],[77.637616,13.109273],[77.637623,13.109317],[77.637648,13.109477],[77.637701,13.109805],[77.637791,13.110143],[77.637852,13.110372],[77.637856,13.110387],[77.637957,13.110824],[77.637977,13.110912],[77.637998,13.110988],[77.638118,13.111433],[77.638126,13.111465],[77.63815,13.111562],[77.638209,13.111806],[77.638251,13.111976],[77.638329,13.112281],[77.638334,13.112297],[77.638523,13.113032],[77.638537,13.113084],[77.638565,13.113194],[77.638581,13.113218],[77.638586,13.113221],[77.638596,13.11326],[77.638599,13.113271],[77.63861,13.113369],[77.638616,13.113423],[77.638482,13.113629],[77.638251,13.113986],[77.638152,13.114139],[77.638107,13.114208],[77.637964,13.114429],[77.637369,13.115346],[77.637303,13.115448],[77.637274,13.115494],[77.637219,13.115575],[77.637203,13.115597],[77.636998,13.115903],[77.636833,13.116149],[77.63641,13.116776],[77.6363,13.116955],[77.635654,13.117999],[77.635521,13.118206],[77.63541,13.118379],[77.635125,13.118822],[77.634564,13.11967],[77.634425,13.119886],[77.63422,13.120207],[77.633541,13.121264],[77.63342,13.121453],[77.633253,13.121712],[77.633067,13.121999],[77.633055,13.122017],[77.632791,13.122424],[77.632756,13.122477],[77.632743,13.122498],[77.632689,13.12258],[77.632532,13.122823],[77.632253,13.123253],[77.631826,13.123923],[77.631566,13.124332],[77.631064,13.125173],[77.631017,13.125252],[77.630823,13.125576],[77.630603,13.125944],[77.630548,13.125971],[77.630472,13.126008],[77.630408,13.126039],[77.630352,13.126066],[77.630282,13.126086],[77.630277,13.126087],[77.630165,13.126118],[77.629698,13.126248],[77.629464,13.126314],[77.629099,13.126416],[77.628654,13.126555],[77.628474,13.126674],[77.62587,13.127462],[77.625213,13.127948],[77.618403,13.131601],[77.615782,13.131213],[77.615711,13.131201],[77.615692,13.131197],[77.615531,13.131168],[77.615399,13.131288],[77.615373,13.131311],[77.615355,13.131328],[77.615321,13.131359],[77.615292,13.131384],[77.615275,13.1314],[77.61527,13.131402],[77.615183,13.131433],[77.615104,13.131461],[77.615078,13.131471],[77.615071,13.131473],[77.614844,13.131554],[77.614639,13.131628],[77.614584,13.131662],[77.614416,13.131767],[77.614284,13.131849],[77.614249,13.131871],[77.614088,13.131972],[77.613295,13.132469],[77.612729,13.132824],[77.612641,13.132878],[77.612482,13.132977],[77.612435,13.133006],[77.612433,13.133006],[77.611683,13.13311],[77.610934,13.133236],[77.610767,13.133253],[77.610489,13.13328],[77.610477,13.133313],[77.608891,13.133542],[77.604284,13.13426],[77.603129,13.134306],[77.602012,13.134307],[77.601904,13.134307],[77.601839,13.134307],[77.601542,13.133998],[77.600521,13.132938],[77.600215,13.13263],[77.599619,13.132032],[77.599547,13.132081],[77.597661,13.132638],[77.596567,13.132929],[77.589104,13.133304],[77.589094,13.133304],[77.58851,13.1333],[77.588329,13.133299],[77.588289,13.133299],[77.587661,13.133321],[77.587322,13.133332],[77.586792,13.13336],[77.586213,13.133313],[77.585748,13.133305],[77.585691,13.133299],[77.585749,13.133057],[77.585823,13.13275],[77.585854,13.13262],[77.585859,13.132599],[77.585634,13.1326],[77.585632,13.132601],[77.58534,13.132689],[77.585342,13.132693],[77.585208,13.132754],[77.585195,13.132767],[77.58504,13.132918],[77.584994,13.132963],[77.58485,13.133103],[77.584544,13.133782],[77.584527,13.133817],[77.584333,13.133959],[77.584125,13.134539],[77.584011,13.135117],[77.583793,13.135219],[77.583788,13.135235],[77.5837,13.13556],[77.583697,13.135582],[77.583623,13.136145],[77.583499,13.136634],[77.58347,13.136703],[77.583292,13.137136],[77.582993,13.138029],[77.582955,13.13818],[77.582745,13.138908],[77.582481,13.14003],[77.582357,13.140193],[77.581445,13.141127],[77.580882,13.141655],[77.580611,13.141907],[77.580146,13.14236],[77.580099,13.14241],[77.579911,13.14262],[77.579256,13.142573],[77.579195,13.142566],[77.578659,13.142516],[77.578241,13.142454],[77.577793,13.142304],[77.577327,13.142115],[77.576725,13.141985],[77.575607,13.141736],[77.574605,13.141554],[77.574467,13.141538],[77.574344,13.141524],[77.574308,13.141519],[77.574311,13.141506],[77.574322,13.141458],[77.574332,13.141419],[77.574355,13.14132],[77.574364,13.141286],[77.574029,13.141182],[77.574003,13.141174],[77.573891,13.141141],[77.573965,13.141067],[77.574002,13.141029],[77.573998,13.140972],[77.573978,13.140704],[77.573978,13.140702],[77.573982,13.140244],[77.573988,13.139678],[77.573988,13.139656],[77.573989,13.139524],[77.573991,13.139384],[77.57399,13.139368],[77.573977,13.139079],[77.573972,13.13899],[77.573963,13.138846],[77.57395,13.138648],[77.573946,13.138601],[77.573935,13.138475],[77.573928,13.138403],[77.573924,13.138353],[77.573888,13.137949],[77.573872,13.137779],[77.573867,13.13772],[77.573842,13.137639],[77.573836,13.137619],[77.573772,13.137425],[77.57375,13.13736],[77.5737,13.137209],[77.573671,13.137122],[77.573611,13.136939],[77.573597,13.136882],[77.573502,13.136489],[77.573459,13.136311],[77.573444,13.136149],[77.573442,13.136127],[77.573418,13.136044],[77.573396,13.136053],[77.573351,13.136073],[77.573088,13.13619],[77.572983,13.136238],[77.572892,13.136276],[77.572809,13.136285],[77.572733,13.136294],[77.572717,13.136285],[77.572653,13.136249],[77.572568,13.136243],[77.572384,13.136252],[77.572352,13.136114],[77.572227,13.135897],[77.572018,13.135972],[77.571911,13.135973],[77.571766,13.135267],[77.571576,13.134626],[77.571334,13.133936],[77.571317,13.133296],[77.570868,13.131039],[77.570861,13.130995],[77.570797,13.130577],[77.569959,13.12739],[77.569663,13.125022],[77.569595,13.125029],[77.568123,13.125371],[77.566607,13.125721],[77.565556,13.125963],[77.565366,13.125498],[77.56515,13.124987],[77.565023,13.124701],[77.564647,13.123854],[77.564292,13.123056],[77.563898,13.122161],[77.563222,13.120583],[77.563193,13.120503],[77.563063,13.119433],[77.56297,13.118806],[77.562889,13.118168],[77.562845,13.11794],[77.562554,13.116548],[77.562533,13.116462],[77.562522,13.116426],[77.562516,13.116409],[77.562504,13.11637],[77.562146,13.11523],[77.561924,13.114684],[77.561908,13.114646],[77.561808,13.114401],[77.561708,13.114154],[77.561646,13.114003],[77.561591,13.113824],[77.561453,13.11385],[77.56142,13.113761],[77.561062,13.113775],[77.560403,13.112959],[77.560089,13.112359],[77.559833,13.112404],[77.559814,13.112403],[77.559675,13.112111],[77.55971,13.1119],[77.559811,13.111794],[77.56013,13.111744],[77.560223,13.111535],[77.560313,13.111151],[77.560284,13.11056],[77.560122,13.109832],[77.560048,13.109554],[77.560047,13.10931],[77.560536,13.109035],[77.56096,13.108917],[77.560995,13.108774],[77.560994,13.108768],[77.560992,13.10876],[77.56098,13.108707],[77.56095,13.108573],[77.560892,13.108434],[77.560758,13.108111],[77.560756,13.108104],[77.560713,13.107987],[77.560701,13.107955],[77.560579,13.107657],[77.560472,13.1074],[77.560471,13.107251],[77.56041,13.107134],[77.560392,13.107099],[77.560306,13.106937],[77.560304,13.106931],[77.560134,13.10641],[77.559899,13.10599],[77.559876,13.105942],[77.559467,13.105304],[77.559335,13.105097],[77.559222,13.104855],[77.5591,13.104624],[77.558929,13.1043],[77.558753,13.103967],[77.558647,13.103768],[77.558646,13.103765],[77.55857,13.103623],[77.558213,13.102951],[77.557053,13.101551],[77.556499,13.10089],[77.556406,13.100763],[77.556302,13.100619],[77.556219,13.100506],[77.556093,13.100334],[77.556091,13.100329],[77.556024,13.100144],[77.555714,13.100169],[77.555086,13.100379],[77.554999,13.100273],[77.554893,13.100335],[77.553744,13.100511],[77.553672,13.100524],[77.552457,13.10068],[77.552009,13.1008],[77.551887,13.100825],[77.551573,13.100857],[77.551492,13.100865],[77.551441,13.100861],[77.550993,13.100829],[77.550721,13.100952],[77.550288,13.100965],[77.549662,13.101032],[77.548893,13.101031],[77.548505,13.101009],[77.548072,13.101031],[77.54715,13.101177],[77.546741,13.101175],[77.546362,13.10121],[77.545634,13.101291],[77.545174,13.101274],[77.544901,13.101381],[77.544547,13.101315],[77.544229,13.101319],[77.54424,13.100961],[77.544243,13.100874],[77.544245,13.100803],[77.544429,13.100788],[77.544316,13.100564],[77.544224,13.100382],[77.544081,13.100103],[77.543968,13.099737],[77.543863,13.099464],[77.54358,13.098767],[77.542386,13.095597],[77.54243,13.095583],[77.542424,13.095567],[77.542124,13.094018],[77.540724,13.091776],[77.540714,13.089973],[77.540713,13.089973],[77.540551,13.089978],[77.539462,13.090007],[77.539002,13.090021],[77.538967,13.090023],[77.538543,13.090036],[77.537248,13.090095],[77.535452,13.090174],[77.53544,13.090196],[77.534951,13.091062],[77.534923,13.091112],[77.534824,13.091287],[77.534652,13.091628],[77.534394,13.092137],[77.534336,13.09213],[77.534295,13.092134],[77.533996,13.092159],[77.533912,13.092165],[77.533683,13.092182],[77.533586,13.092189],[77.533169,13.09222],[77.533047,13.092229],[77.533029,13.09223],[77.532829,13.092245],[77.532159,13.092286],[77.531138,13.092348],[77.531071,13.092353],[77.53071,13.092375],[77.530652,13.092378],[77.530043,13.092415],[77.529686,13.09245],[77.529498,13.092468],[77.529442,13.092479],[77.529245,13.092517],[77.528886,13.092587],[77.52886,13.09259],[77.528643,13.092607],[77.528618,13.09261],[77.528577,13.092614],[77.528569,13.092616],[77.528107,13.092671],[77.527657,13.092726],[77.527497,13.092745],[77.527489,13.092746],[77.527479,13.092747],[77.526729,13.092838],[77.52642,13.092875],[77.526195,13.092891],[77.526062,13.092901],[77.526028,13.092904],[77.525304,13.092956],[77.524874,13.092988],[77.524615,13.093007],[77.524583,13.093009],[77.523779,13.093066],[77.523772,13.092983],[77.523769,13.092942],[77.523768,13.092929],[77.523765,13.092896],[77.523748,13.092683],[77.523712,13.092237],[77.52368,13.091844],[77.523671,13.091738],[77.523664,13.091655],[77.523656,13.090993],[77.523639,13.090803],[77.523617,13.090557],[77.523549,13.089831],[77.523534,13.089671],[77.523525,13.089504],[77.523448,13.088114],[77.523436,13.086561],[77.523436,13.086038],[77.52347,13.08517],[77.523471,13.08515],[77.523473,13.085118],[77.523514,13.084459],[77.523542,13.083574],[77.523546,13.083517],[77.523555,13.083365],[77.523556,13.083346],[77.523569,13.083153],[77.523586,13.082875],[77.523585,13.08287],[77.523566,13.082792],[77.523445,13.081827],[77.523393,13.081646],[77.523376,13.081585],[77.523365,13.081549],[77.523353,13.081508],[77.523344,13.081476],[77.523311,13.081334],[77.523232,13.081],[77.523214,13.080925],[77.523202,13.080873],[77.52319,13.080875],[77.523095,13.080891],[77.522955,13.080915],[77.522877,13.08091],[77.522868,13.080902],[77.522841,13.080877],[77.522795,13.08081],[77.522766,13.080794],[77.522733,13.080776],[77.522713,13.080769],[77.522591,13.080719],[77.522244,13.080547],[77.522067,13.080352],[77.52171,13.080382],[77.521281,13.080405],[77.521271,13.080376],[77.521256,13.080332],[77.521213,13.080205],[77.521202,13.080171],[77.52118,13.080099],[77.521165,13.08005],[77.521152,13.080008],[77.521137,13.07996],[77.520882,13.079151],[77.519629,13.079437],[77.519519,13.079359],[77.519509,13.079351],[77.519506,13.079349],[77.519504,13.079348],[77.519502,13.079346],[77.519472,13.07935],[77.519419,13.079358],[77.519419,13.079358],[77.519413,13.079364],[77.51941,13.079366],[77.519143,13.079619],[77.51898,13.079665],[77.518952,13.079558],[77.518774,13.07865],[77.518701,13.078171],[77.518394,13.077082],[77.518339,13.076942],[77.518296,13.0761],[77.51829,13.075899],[77.518276,13.075455],[77.518192,13.075008],[77.517957,13.074181],[77.517671,13.074293],[77.516983,13.07456],[77.516148,13.074865],[77.515421,13.07508],[77.514442,13.075356],[77.514289,13.075159],[77.513077,13.07555],[77.512659,13.07558],[77.512541,13.07559],[77.512368,13.075654],[77.511622,13.075791],[77.511285,13.075877],[77.511162,13.07572],[77.511157,13.075717],[77.511132,13.075724],[77.511093,13.075759],[77.510976,13.075796],[77.51064,13.075994],[77.51047,13.076128],[77.510167,13.076371],[77.50969,13.076792],[77.509559,13.076889],[77.509413,13.076995],[77.509357,13.07707],[77.509339,13.077094],[77.509151,13.077345],[77.509087,13.077437],[77.509071,13.07746],[77.508989,13.077578],[77.508926,13.077727],[77.508865,13.07781],[77.508838,13.077834],[77.508817,13.077852],[77.508778,13.077831],[77.508767,13.077824],[77.50876,13.077821],[77.508455,13.077652],[77.508385,13.077613],[77.50834,13.077619],[77.508237,13.077634],[77.508175,13.077643],[77.508047,13.077691],[77.508022,13.077701],[77.507712,13.077817],[77.507544,13.07788],[77.50751,13.077893],[77.50746,13.07791],[77.507439,13.077917],[77.507351,13.077947],[77.507177,13.078007],[77.507126,13.077977],[77.506931,13.077865],[77.506406,13.077653],[77.50601,13.077422],[77.505722,13.07702],[77.505457,13.076932],[77.50533,13.076824],[77.505078,13.076706],[77.504796,13.076477],[77.50462,13.076209],[77.50456,13.076119],[77.504481,13.075998],[77.504316,13.075739],[77.504108,13.075394],[77.503758,13.075207],[77.503681,13.075164],[77.503582,13.075109],[77.502999,13.074786],[77.502769,13.074707],[77.502707,13.074655],[77.502672,13.074575],[77.502637,13.074436],[77.502471,13.074165],[77.502341,13.074026],[77.502143,13.073869],[77.501888,13.073479],[77.501612,13.073049],[77.501433,13.072845],[77.501003,13.072636],[77.500371,13.072464],[77.499598,13.072032],[77.499505,13.07198],[77.499416,13.071998],[77.498344,13.073292],[77.497291,13.073343],[77.497289,13.073342],[77.49718,13.073348],[77.494941,13.073436],[77.492973,13.073529],[77.492974,13.073526],[77.493014,13.073423],[77.492932,13.073405],[77.492937,13.071593],[77.492879,13.070222],[77.492628,13.066735],[77.492667,13.065575],[77.492685,13.065095],[77.492701,13.064684],[77.492716,13.06434],[77.492728,13.064091],[77.492738,13.063901],[77.492745,13.063779],[77.492746,13.063758],[77.492951,13.062876],[77.492957,13.06285],[77.493017,13.062599],[77.493031,13.06254],[77.493038,13.062508],[77.493036,13.062376],[77.493045,13.062246],[77.493044,13.062239],[77.493037,13.062171],[77.493034,13.062141],[77.493032,13.062141],[77.492996,13.062135],[77.492945,13.062126],[77.492808,13.062102],[77.492796,13.0621],[77.492728,13.062088],[77.492725,13.062079],[77.492678,13.061915],[77.492676,13.061905],[77.492663,13.06186],[77.492619,13.06172],[77.49261,13.061688],[77.492588,13.061618],[77.492553,13.0615],[77.492489,13.061336],[77.492351,13.060979],[77.492349,13.060975],[77.492326,13.060916],[77.49232,13.060899],[77.492278,13.060792],[77.49197,13.060007],[77.491965,13.059995],[77.491946,13.059937],[77.491928,13.059884],[77.491896,13.059783],[77.49186,13.059671],[77.491801,13.059489],[77.491771,13.059396],[77.491678,13.059104],[77.491674,13.059093],[77.491583,13.058809],[77.491283,13.05792],[77.491197,13.057667],[77.490956,13.056958],[77.491214,13.056551],[77.491297,13.056421],[77.491517,13.056073],[77.491548,13.056024],[77.491735,13.055718],[77.491749,13.055696],[77.492334,13.054738],[77.492334,13.054728],[77.492337,13.054628],[77.492345,13.054451],[77.492348,13.054396],[77.492375,13.05377],[77.492418,13.052837],[77.492466,13.051773],[77.492468,13.051723],[77.49247,13.05167],[77.492473,13.051624],[77.492473,13.051612],[77.492475,13.051578],[77.492579,13.051565],[77.492583,13.051512],[77.492292,13.050616],[77.492262,13.050524],[77.492242,13.050466],[77.492213,13.050378],[77.492197,13.05022],[77.492178,13.050039],[77.492147,13.049742],[77.49213,13.049573],[77.492081,13.049106],[77.49208,13.049089],[77.492064,13.048937],[77.492003,13.048347],[77.49199,13.04822],[77.491903,13.047925],[77.491752,13.047415],[77.491676,13.047215],[77.491674,13.047212],[77.491643,13.047129],[77.491599,13.047015],[77.491509,13.04674],[77.490973,13.045103],[77.490851,13.045146],[77.489572,13.045585],[77.489541,13.045596],[77.489538,13.045608],[77.489504,13.045743],[77.48926,13.045773],[77.489076,13.045812],[77.488946,13.045839],[77.488312,13.045969],[77.48756,13.046124],[77.487551,13.046234],[77.487529,13.046241],[77.486237,13.046625],[77.486202,13.046636],[77.48619,13.046639],[77.486182,13.046643],[77.48593,13.046756],[77.484816,13.047259],[77.484653,13.047328],[77.483918,13.047638],[77.483696,13.047735],[77.483239,13.047934],[77.483121,13.047985],[77.482532,13.048242],[77.482139,13.048413],[77.481156,13.048279],[77.480856,13.048528],[77.480438,13.048875],[77.480316,13.048976],[77.480241,13.048985],[77.480244,13.048981],[77.480248,13.048975],[77.480265,13.048955],[77.480258,13.048945],[77.480224,13.048901],[77.480207,13.048878],[77.480177,13.048839],[77.480135,13.048784],[77.480059,13.048638],[77.480055,13.048573],[77.480031,13.048165],[77.480021,13.047983],[77.479982,13.047326],[77.47997,13.047127],[77.479895,13.046476],[77.479836,13.045971],[77.47982,13.045849],[77.479806,13.045664],[77.479802,13.045613],[77.4798,13.045591],[77.479796,13.045516],[77.479785,13.045468],[77.479624,13.044763],[77.479862,13.044278],[77.479869,13.044264],[77.480257,13.043471],[77.480306,13.043372],[77.480699,13.043185],[77.481012,13.043035],[77.48116,13.042941],[77.481262,13.042876],[77.481475,13.042616],[77.481519,13.042475],[77.481525,13.042457],[77.481679,13.041764],[77.482006,13.041332],[77.482142,13.041171],[77.482463,13.040885],[77.482557,13.040752],[77.482529,13.040725],[77.482485,13.040682],[77.482445,13.040644],[77.482402,13.040602],[77.482229,13.040259],[77.482107,13.040017],[77.481755,13.039888],[77.48134,13.039709],[77.481122,13.039121],[77.481092,13.039042],[77.480855,13.038402],[77.48053,13.038199],[77.480446,13.038146],[77.480152,13.037962],[77.480097,13.037928],[77.47996,13.036631],[77.479913,13.035642],[77.479788,13.035578],[77.479348,13.035355],[77.478734,13.035045],[77.478706,13.035031],[77.478691,13.035038],[77.478677,13.035044],[77.478422,13.034531],[77.478404,13.034495],[77.478212,13.034112],[77.478208,13.034104],[77.478206,13.034099],[77.478169,13.034025],[77.478141,13.033963],[77.477826,13.033407],[77.477794,13.033348],[77.477561,13.032925],[77.47749,13.03278],[77.477087,13.03195],[77.477018,13.031805],[77.476952,13.031675],[77.476873,13.031522],[77.47705,13.031362],[77.477173,13.03125],[77.477182,13.031242],[77.477294,13.03114],[77.477533,13.030922],[77.47789,13.030661],[77.478433,13.030168],[77.478433,13.030168],[77.478519,13.030091],[77.478657,13.029969],[77.478835,13.02981],[77.479392,13.029293],[77.479535,13.029161],[77.479513,13.029094],[77.479412,13.028782],[77.479355,13.028609],[77.479243,13.028266],[77.479009,13.027553],[77.478891,13.02719],[77.478787,13.026873],[77.47866,13.026483],[77.478615,13.026347],[77.478604,13.026212],[77.478592,13.026035],[77.478584,13.025919],[77.478489,13.02451],[77.478488,13.024488],[77.478476,13.024314],[77.478457,13.024028],[77.47834,13.022285],[77.478835,13.022126],[77.478803,13.021927],[77.478744,13.02159],[77.478494,13.020146],[77.478398,13.019595],[77.47832,13.019181],[77.478289,13.019028],[77.478284,13.019002],[77.478278,13.018972],[77.478103,13.018641],[77.478029,13.018501],[77.477807,13.018009],[77.477579,13.017503],[77.477567,13.017478],[77.477519,13.017378],[77.477501,13.017341],[77.477451,13.017239],[77.477408,13.017151],[77.477359,13.016966],[77.477338,13.016889],[77.47728,13.016673],[77.477271,13.016639],[77.477037,13.015767],[77.476938,13.015433],[77.476925,13.015291],[77.476926,13.015082],[77.476972,13.014942],[77.477005,13.014841],[77.476939,13.014789],[77.476593,13.014524],[77.476502,13.014455],[77.476371,13.014354],[77.476354,13.014335],[77.476117,13.014078],[77.475259,13.013146],[77.475236,13.013061],[77.475234,13.013052],[77.475207,13.012952],[77.475174,13.012828],[77.475144,13.012714],[77.47514,13.012699],[77.475087,13.012499],[77.47491,13.011836],[77.47484,13.011575],[77.474806,13.011445],[77.474804,13.011438],[77.474803,13.011437],[77.474799,13.011424],[77.474793,13.011405],[77.474786,13.011386],[77.474731,13.011221],[77.474725,13.011208],[77.474032,13.009744],[77.473989,13.009652],[77.473968,13.009618],[77.473958,13.009601],[77.47374,13.009246],[77.473443,13.008762],[77.473239,13.008804],[77.473121,13.008829],[77.4731,13.008835],[77.47303,13.008423],[77.472937,13.007876],[77.472858,13.007416],[77.472857,13.007411],[77.472856,13.0074],[77.47284,13.007268],[77.472857,13.007264],[77.472858,13.007264],[77.473065,13.007207],[77.473308,13.007141],[77.47346,13.007097],[77.473733,13.007019],[77.474037,13.006932],[77.47422,13.006879],[77.474583,13.006707],[77.474894,13.006588],[77.475052,13.006544],[77.475307,13.006472],[77.475398,13.006447],[77.475362,13.006283],[77.475284,13.005931],[77.475233,13.005701],[77.475007,13.004894],[77.474999,13.004865],[77.475171,13.004374],[77.475191,13.003535],[77.475193,13.003485],[77.475194,13.003426],[77.475271,13.003414],[77.475375,13.003399],[77.475396,13.003396],[77.47542,13.003393],[77.475377,13.003162],[77.475354,13.003038],[77.475344,13.002982],[77.475266,13.002557],[77.475202,13.002335],[77.475194,13.002307],[77.47505,13.001807],[77.474936,13.001411],[77.474921,13.001363],[77.474916,13.001342],[77.474849,13.001108],[77.474801,13.000854],[77.474781,13.000746],[77.474747,13.000726],[77.474535,13.000597],[77.474523,13.000546],[77.474409,13.000075],[77.474379,12.999951],[77.474354,12.999849],[77.474216,12.999275],[77.474205,12.999231],[77.474202,12.999219],[77.473567,12.998871],[77.473489,12.9986],[77.473281,12.997882],[77.473167,12.997486],[77.47305,12.99731],[77.47304,12.997277],[77.473036,12.997261],[77.472978,12.99706],[77.472882,12.996726],[77.472832,12.996735],[77.472786,12.996744],[77.47245,12.996806],[77.472401,12.996707],[77.472307,12.996514],[77.472291,12.996481],[77.471906,12.995692],[77.471807,12.995489],[77.471794,12.995482],[77.471755,12.995461],[77.471657,12.99541],[77.471581,12.995256],[77.471559,12.995213],[77.471517,12.995129],[77.471304,12.994699],[77.471253,12.994604],[77.471233,12.994287],[77.471232,12.994263],[77.47123,12.994236],[77.471236,12.994212],[77.471238,12.994206],[77.471243,12.994187],[77.471262,12.994113],[77.47133,12.993857],[77.471109,12.993334],[77.471096,12.993303],[77.470821,12.992241],[77.47073,12.991966],[77.470708,12.991901],[77.470651,12.991721],[77.47061,12.991593],[77.470551,12.991405],[77.470364,12.990654],[77.470087,12.989917],[77.470064,12.989879],[77.47006,12.989872],[77.470005,12.98978],[77.46993,12.989631],[77.469795,12.989365],[77.469311,12.988407],[77.469177,12.988146],[77.469112,12.98802],[77.468969,12.987754],[77.468691,12.987153],[77.468685,12.987141],[77.468593,12.986975],[77.468554,12.986902],[77.468511,12.986821],[77.468503,12.986804],[77.468454,12.986711],[77.468454,12.986711],[77.468446,12.986697],[77.46847,12.98669],[77.46847,12.98669],[77.469803,12.9863],[77.470738,12.985788],[77.470857,12.985723],[77.470888,12.985701],[77.470981,12.985633],[77.471687,12.985123],[77.471716,12.985109],[77.472259,12.984846],[77.473013,12.984054],[77.473063,12.984002],[77.473184,12.98381],[77.473278,12.98366],[77.473336,12.983548],[77.473454,12.983319],[77.473726,12.982479],[77.473793,12.982224],[77.473837,12.981729],[77.473892,12.981458],[77.473941,12.981224],[77.473963,12.98112],[77.473977,12.98106],[77.473996,12.980972],[77.474044,12.980625],[77.474084,12.980474],[77.474269,12.979781],[77.474282,12.979706],[77.474303,12.979588],[77.474345,12.979278],[77.474412,12.978775],[77.474431,12.978633],[77.474433,12.978618],[77.474491,12.978186],[77.474543,12.977793],[77.474739,12.97638],[77.474837,12.975671],[77.474852,12.974958],[77.474857,12.974711],[77.47486,12.974577],[77.474865,12.97435],[77.474923,12.973976],[77.474931,12.973929],[77.474957,12.973761],[77.474962,12.973733],[77.474966,12.973704],[77.475042,12.973228],[77.47508,12.972993],[77.475084,12.972967],[77.475085,12.97294],[77.475083,12.972606],[77.475081,12.972331],[77.47508,12.972207],[77.475076,12.971848],[77.47508,12.971762],[77.475081,12.971725],[77.475083,12.971628],[77.475083,12.97162],[77.475085,12.971502],[77.475006,12.970107],[77.474823,12.969591],[77.474791,12.969536],[77.47415,12.968451],[77.473608,12.967505],[77.473603,12.967497],[77.473594,12.967481],[77.473593,12.967479],[77.473495,12.967308],[77.473367,12.966502],[77.473354,12.966414],[77.473241,12.965704],[77.473233,12.965379],[77.47323,12.965265],[77.473219,12.964748],[77.473201,12.963987],[77.473191,12.963543],[77.47319,12.963513],[77.47319,12.963498],[77.473188,12.963418],[77.473187,12.963395],[77.473211,12.963326],[77.473313,12.963032],[77.473464,12.962594],[77.473503,12.962482],[77.473666,12.962009],[77.47395,12.961686],[77.474343,12.961239],[77.475041,12.960446],[77.474993,12.960353],[77.474864,12.9601],[77.474625,12.959631],[77.474609,12.959599],[77.474538,12.959459],[77.474124,12.958747],[77.473549,12.957759],[77.473122,12.957016],[77.473119,12.957018],[77.473097,12.956982],[77.472979,12.956778],[77.47292,12.956676],[77.472823,12.956509],[77.472817,12.9565],[77.472752,12.956388],[77.472703,12.956304],[77.472645,12.956204],[77.472594,12.956115],[77.472565,12.956054],[77.472523,12.955964],[77.472474,12.955949],[77.472352,12.955658],[77.472345,12.955641],[77.4721,12.955055],[77.471995,12.955043],[77.471966,12.954717],[77.471948,12.95463],[77.471921,12.954497],[77.471918,12.954483],[77.471891,12.954346],[77.471815,12.954198],[77.471799,12.954167],[77.471764,12.954098],[77.471722,12.953989],[77.471637,12.953767],[77.47163,12.953685],[77.471624,12.953559],[77.471602,12.95312],[77.471596,12.952994],[77.47158,12.952645],[77.471576,12.952569],[77.471553,12.952286],[77.471549,12.952236],[77.471549,12.952236],[77.471604,12.952211],[77.472319,12.951893],[77.472513,12.951806],[77.472513,12.95174],[77.472513,12.951736],[77.472513,12.951656],[77.472512,12.9516],[77.472374,12.951317],[77.472279,12.951121],[77.472273,12.951108],[77.472252,12.951065],[77.472142,12.950869],[77.471674,12.950764],[77.471231,12.950733],[77.471122,12.950725],[77.471119,12.950665],[77.471116,12.950613],[77.471081,12.949993],[77.471059,12.949586],[77.471158,12.949583],[77.472433,12.94955],[77.47256,12.949429],[77.472731,12.949266],[77.473017,12.94932],[77.473058,12.949328],[77.473703,12.949212],[77.474187,12.949202],[77.474945,12.949133],[77.47518,12.949112],[77.475524,12.949117],[77.475778,12.949],[77.476129,12.948895],[77.476211,12.948856],[77.476279,12.948823],[77.476206,12.948633],[77.475821,12.947633],[77.475536,12.946993],[77.475361,12.946384],[77.475156,12.945685],[77.47507,12.945469],[77.47497,12.944934],[77.474932,12.944732],[77.474929,12.944712],[77.474926,12.944714],[77.474836,12.944241],[77.474772,12.943663],[77.474745,12.943422],[77.47454,12.942969],[77.474486,12.942817],[77.474258,12.942182],[77.473705,12.941117],[77.473595,12.940927],[77.473252,12.940333],[77.473635,12.940236],[77.473738,12.940227],[77.473875,12.940215],[77.473956,12.940188],[77.474098,12.940142],[77.474736,12.939915],[77.475294,12.939468],[77.475403,12.939379],[77.475487,12.939352],[77.476404,12.938629],[77.476273,12.938309],[77.476965,12.93802],[77.478357,12.937562],[77.47884,12.937508],[77.478845,12.937507],[77.479078,12.937484],[77.479221,12.937469],[77.479348,12.937457],[77.480396,12.937366],[77.48103,12.937312],[77.481055,12.937309],[77.481597,12.937253],[77.481612,12.937251],[77.481734,12.937239],[77.482102,12.9372],[77.482207,12.937186],[77.482385,12.937161],[77.483011,12.937074],[77.483157,12.937061],[77.483158,12.937061],[77.483158,12.93706],[77.484061,12.936975],[77.484088,12.936972],[77.484101,12.936968],[77.484244,12.936921],[77.48412,12.936166],[77.484098,12.936027],[77.48382,12.93433],[77.483805,12.934238],[77.483767,12.934174],[77.483839,12.934013],[77.483895,12.933889],[77.483612,12.933919],[77.483604,12.933863],[77.483584,12.933719],[77.483574,12.933648],[77.483564,12.93357],[77.483509,12.933171],[77.483459,12.932812],[77.483134,12.93239],[77.483345,12.931382],[77.483319,12.931344],[77.483224,12.931353],[77.483031,12.931344],[77.482895,12.931261],[77.483021,12.931166],[77.483082,12.93107],[77.483204,12.930876],[77.483229,12.93069],[77.483201,12.930603],[77.483122,12.930444],[77.48297,12.930321],[77.482872,12.93014],[77.482675,12.929732],[77.482602,12.929515],[77.48252,12.929272],[77.482316,12.928955],[77.482223,12.928948],[77.482037,12.928946],[77.481917,12.928913],[77.481831,12.928804],[77.481645,12.928378],[77.481461,12.92813],[77.481345,12.928074],[77.481244,12.928003],[77.481231,12.927912],[77.481179,12.927749],[77.480987,12.927406],[77.480871,12.927434],[77.480263,12.927641],[77.480177,12.927581],[77.480065,12.92757],[77.479953,12.927549],[77.479821,12.927546],[77.479659,12.927533],[77.479523,12.927489],[77.47936,12.927399],[77.479201,12.927329],[77.479119,12.927227],[77.479095,12.927159],[77.479086,12.927064],[77.479109,12.927015],[77.479259,12.926904],[77.47938,12.926724],[77.479475,12.926564],[77.479552,12.92651],[77.479706,12.92646],[77.479733,12.926399],[77.479705,12.926312],[77.479623,12.926218],[77.479618,12.926127],[77.479652,12.926055],[77.479608,12.925938],[77.479595,12.925917],[77.478234,12.926285],[77.477676,12.926409],[77.477397,12.92647],[77.475887,12.926696],[77.474822,12.92668],[77.473633,12.926668],[77.473389,12.92664],[77.473388,12.926639],[77.473385,12.926605],[77.473204,12.925993],[77.472999,12.925301],[77.472915,12.925015],[77.472906,12.92498],[77.472745,12.924271],[77.472676,12.924001],[77.472591,12.923673],[77.472485,12.923398],[77.472456,12.92331],[77.472328,12.922947],[77.472154,12.922452],[77.472126,12.922374],[77.472065,12.922172],[77.471833,12.9214],[77.471763,12.921167],[77.471549,12.920502],[77.471116,12.919154],[77.470959,12.918664],[77.470907,12.918502],[77.470873,12.918371],[77.470698,12.917699],[77.470629,12.917433],[77.47046,12.916765],[77.470417,12.916591],[77.47018,12.915665],[77.470133,12.915439],[77.470102,12.915295],[77.47008,12.915192],[77.47002,12.915108],[77.46986,12.914881],[77.469758,12.914723],[77.469662,12.914572],[77.469462,12.914259],[77.469414,12.914183],[77.469374,12.914121],[77.469322,12.914039],[77.469175,12.913829],[77.468968,12.913414],[77.468699,12.913026],[77.468189,12.912292],[77.467214,12.911258],[77.466499,12.910147],[77.466567,12.908907],[77.466596,12.908357],[77.466611,12.908143],[77.466623,12.907946],[77.466676,12.907363],[77.466672,12.906878],[77.46508,12.906587],[77.463718,12.906483],[77.462805,12.906458],[77.462372,12.906446],[77.462226,12.906442],[77.461084,12.90655],[77.46079,12.906578],[77.460317,12.906611],[77.460079,12.906631],[77.460076,12.906595],[77.460053,12.906363],[77.459998,12.905841],[77.459949,12.905387],[77.459926,12.905163],[77.459884,12.904765],[77.45988,12.904692]]]}}
